SALE TYPE,SOLD DATE,PROPERTY TYPE,ADDRESS,CITY,STATE,ZIP,PRICE,BEDS,BATHS,LOCATION,SQUARE FEET,LOT SIZE,YEAR BUILT,DAYS ON MARKET,$/SQUARE FEET,HOA/MONTH,STATUS,NEXT OPEN HOUSE START TIME,NEXT OPEN HOUSE END TIME,URL,SOURCE,MLS#,FAVORITE,INTERESTED,LATITUDE,LONGITUDE
PAST SALE,June-16-2017,Condo/Co-op,1409 Oxford #6,Berkeley,CA,94709-1457,850000,3,2.0,Berkeley,1146,,1962,96,742,320,Sold,,,http://www.redfin.com/CA/Berkeley/1409-Oxford-St-94709/unit-6/home/1291896,EBRD/CCAR/Bay East,40779990,N,Y,37.8820149,-122.2668806
PAST SALE,April-18-2017,Single Family Residential,1834 63Rd St,Berkeley,CA,94703,940000,2,1.5,Le Conte,1325,5400,1906,155,709,,Sold,,,http://www.redfin.com/CA/Berkeley/1834-63rd-St-94703/home/651697,EBRD/CCAR/Bay East,40771117,N,N,37.8478248,-122.2697732
PAST SALE,July-28-2017,Single Family Residential,1839 63Rd St,Berkeley,CA,94703,860000,2,1.0,Santa Fe,1092,4455,1907,54,788,,Sold,,,http://www.redfin.com/CA/Berkeley/1839-63rd-St-94703/home/1309093,EBRD/CCAR/Bay East,40787457,N,Y,37.848338,-122.269522
PAST SALE,August-18-2017,Single Family Residential,1613 5th St,Berkeley,CA,94710-1714,900000,2,1.0,West Berkeley,980,6110,1987,33,918,,Sold,,,http://www.redfin.com/CA/Berkeley/1613-5th-St-94710/home/674837,EBRD/CCAR/Bay East,40790651,N,Y,37.873378,-122.300281
PAST SALE,April-26-2017,Single Family Residential,1946 Yosemite Rd,Berkeley,CA,94707,1525000,3,2.5,Thousand Oaks,2167,4692,1925,147,704,,Sold,,,http://www.redfin.com/CA/Berkeley/1946-Yosemite-Rd-94707/home/1964415,EBRD/CCAR/Bay East,40775608,N,Y,37.8963155,-122.2767431
PAST SALE,May-23-2017,Single Family Residential,2504 Grant St,Berkeley,CA,94703,843000,3,3.0,Central Berkeley,1434,3920,1920,120,588,,Sold,,,http://www.redfin.com/CA/Berkeley/2504-Grant-St-94703/home/1291559,EBRD/CCAR/Bay East,40779589,N,Y,37.8627953,-122.2745778
PAST SALE,May-26-2017,Single Family Residential,800 Cragmont Ave,Berkeley,CA,94708,2165000,5,4.0,Berkeley Hills,3224,7102,1942,117,672,,Sold,,,http://www.redfin.com/CA/Berkeley/800-Cragmont-Ave-94708/home/1226370,EBRD/CCAR/Bay East,40776841,N,Y,37.8953654,-122.2676914
PAST SALE,June-15-2017,Single Family Residential,1115 Hearst Ave,Berkeley,CA,94702,1270000,3,2.5,North/West,2334,,2002,97,544,50,Sold,,,http://www.redfin.com/CA/Berkeley/1115-Hearst-Ave-94702/home/21629860,EBRD/CCAR/Bay East,40781072,N,Y,37.8709078,-122.2919415
PAST SALE,April-28-2017,Condo/Co-op,1357 Peralta Ave,Berkeley,CA,94702,947500,2,1.0,Monterey Market,1287,,1948,145,736,0,Sold,,,http://www.redfin.com/CA/Berkeley/1357-Peralta-Ave-94702/unit-2/home/1226031,EBRD/CCAR/Bay East,40773504,N,Y,37.878614,-122.288348
PAST SALE,June-20-2017,Single Family Residential,1607 Channing Way,Berkeley,CA,94703,775000,2,1.0,Berkeley,1257,3150,1925,92,617,,Sold,,,http://www.redfin.com/CA/Berkeley/1607-Channing-Way-94703/home/1460462,EBRD/CCAR/Bay East,40783313,N,Y,37.8645281,-122.27867
PAST SALE,June-13-2017,Single Family Residential,814 Vincente Ave,Berkeley,CA,94707,1035000,3,1.0,Thousand Oaks,1254,4900,1927,99,825,,Sold,,,http://www.redfin.com/CA/Berkeley/814-Vincente-Ave-94707/home/699396,EBRD/CCAR/Bay East,40778596,N,Y,37.8933189,-122.2851156
PAST SALE,June-19-2017,Condo/Co-op,1801 University Ave #307,Berkeley,CA,94703,550000,2,1.0,Central Berkeley,695,,1998,93,791,343,Sold,,,http://www.redfin.com/CA/Berkeley/1801-University-Ave-94703/unit-307/home/1976247,EBRD/CCAR/Bay East,40780573,N,Y,37.8715498,-122.2750624
PAST SALE,June-23-2017,Single Family Residential,1528 HEARST Ave,Berkeley,CA,94703,1505000,5,3.0,Central Berkeley,2307,4875,1921,89,652,,Sold,,,http://www.redfin.com/CA/Berkeley/1528-Hearst-Ave-94703/home/1297567,EBRD/CCAR/Bay East,40782256,N,Y,37.8721071,-122.2808866
PAST SALE,June-20-2017,Condo/Co-op,1113 Parker St,Berkeley,CA,94702,725000,3,2.0,Berkeley,1552,,2006,92,467,160,Sold,,,http://www.redfin.com/CA/Berkeley/1113-Parker-St-94702/home/12119390,EBRD/CCAR/Bay East,40780085,N,Y,37.859673,-122.288403
PAST SALE,June-30-2017,Single Family Residential,261 Trinity Ave,Kensington,CA,94708,1270000,4,3.0,Upper Kensington,1836,4000,1950,82,692,,Sold,,,http://www.redfin.com/CA/Kensington/261-Trinity-Ave-94708/home/1547698,EBRD/CCAR/Bay East,40784404,N,Y,37.9069234,-122.2743976
PAST SALE,,Multi-Family (2-4 Unit),2123 Blake St,Berkeley,CA,94704,2900000,16,16.0,,7074,10400,1962,,410,,,,,http://www.redfin.com/CA/Berkeley/2123-Blake-St-94704/home/1414421,,,N,Y,37.8634519,-122.2663094
PAST SALE,June-30-2017,Single Family Residential,1530 Blake St,Berkeley,CA,94703,1051000,2,1.0,Central Berkeley,1008,5054,1925,82,1043,,Sold,,,http://www.redfin.com/CA/Berkeley/1530-Blake-St-94703/home/1976194,EBRD/CCAR/Bay East,40783241,N,Y,37.8613469,-122.2793518
PAST SALE,June-6-2017,Single Family Residential,1420 Acton Cres,Berkeley,CA,94702,1075000,2,2.0,Strawberry Creek,944,3808,1943,106,1139,,Sold,,,http://www.redfin.com/CA/Berkeley/1420-Acton-Cres-94702/home/1759902,EBRD/CCAR/Bay East,40781508,N,Y,37.8678245,-122.2831849
PAST SALE,July-14-2017,Condo/Co-op,2515 Hilgard Ave #1,Berkeley,CA,94709,1003700,2,2.0,N Berkeley,1679,,1965,68,598,566,Sold,,,http://www.redfin.com/CA/Berkeley/2515-Hilgard-Ave-94709/unit-1/home/1657121,EBRD/CCAR/Bay East,40782238,N,Y,37.878975,-122.2603622
PAST SALE,,Single Family Residential,90 Ardmore Rd,Kensington,CA,94707,1018000,3,2.0,,1733,2750,1929,,587,,,,,http://www.redfin.com/CA/Kensington/90-Ardmore-Rd-94707/home/600583,,,N,Y,37.9053435,-122.2810582
PAST SALE,April-21-2017,Single Family Residential,1157 Virginia St,Berkeley,CA,94702,1080000,1,1.0,Berkeley,877,6000,1913,152,1231,,Sold,,,http://www.redfin.com/CA/Berkeley/1157-Virginia-St-94702/home/1883152,EBRD/CCAR/Bay East,40775180,N,Y,37.8739099,-122.2912912
PAST SALE,April-24-2017,Single Family Residential,539 Arlington Ave,Berkeley,CA,94707,970000,3,2.0,Berkeley,1998,5000,1924,149,485,,Sold,,,http://www.redfin.com/CA/Berkeley/539-Arlington-Ave-94707/home/1566575,EBRD/CCAR/Bay East,40772876,N,Y,37.9004942,-122.2770063
PAST SALE,July-20-2017,Single Family Residential,750 Wildcat Canyon Rd,Berkeley,CA,94708,1325000,3,2.5,Berkeley,1970,8960,1955,62,673,,Sold,,,http://www.redfin.com/CA/Berkeley/750-Wildcat-Canyon-Rd-94708/home/1972635,EBRD/CCAR/Bay East,40783851,N,Y,37.899043,-122.257844
PAST SALE,July-21-2017,Single Family Residential,1501 Channing Way,Berkeley,CA,94703,825000,2,1.0,Berkeley,1148,2618,1926,61,719,,Sold,,,http://www.redfin.com/CA/Berkeley/1501-Channing-Way-94703/home/789140,EBRD/CCAR/Bay East,40783334,N,Y,37.8642297,-122.2810549
PAST SALE,July-25-2017,Single Family Residential,390 Vassar Ave,Berkeley,CA,94708,1615000,5,3.0,Berkeley Hills,2998,5000,1936,57,539,,Sold,,,http://www.redfin.com/CA/Berkeley/390-Vassar-Ave-94708/home/1415085,EBRD/CCAR/Bay East,40785905,N,Y,37.9042518,-122.2730761
PAST SALE,,Single Family Residential,2448 Prospect St,Berkeley,CA,94704,1750500,5,2.0,,2379,3100,1910,,736,,,,,http://www.redfin.com/CA/Berkeley/2448-Prospect-St-94704/home/1565877,,,N,Y,37.8661668,-122.249743
PAST SALE,August-7-2017,Single Family Residential,1214 Evelyn Ave,Berkeley,CA,94706,950000,3,1.0,Westbrae,828,3300,1918,44,1147,,Sold,,,http://www.redfin.com/CA/Berkeley/1214-Evelyn-Ave-94706/home/687021,EBRD/CCAR/Bay East,40789121,N,Y,37.882425,-122.2920939
PAST SALE,,Single Family Residential,1027 Sierra St,Berkeley,CA,94707,1025000,2,1.0,,1370,5490,1923,,748,,,,,http://www.redfin.com/CA/Berkeley/1027-Sierra-St-94707/home/1344184,,,N,Y,37.8880448,-122.2803405
PAST SALE,August-7-2017,Multi-Family (2-4 Unit),1245 Berkeley Way,Berkeley,CA,94702,1610000,2,4.0,Berkeley,2584,7879,1898,44,623,,Sold,,,http://www.redfin.com/CA/Berkeley/1245-Berkeley-Way-94702/home/1938242,EBRD/CCAR/Bay East,40786276,N,Y,37.8706927,-122.287599
PAST SALE,August-3-2017,Single Family Residential,882 Arlington Ave,Berkeley,CA,94707,1650000,5,3.0,1000 Oaks Heights,3090,5150,1923,48,534,,Sold,,,http://www.redfin.com/CA/Berkeley/882-Arlington-Ave-94707/home/1065681,EBRD/CCAR/Bay East,40787902,N,Y,37.8923617,-122.2747246
PAST SALE,August-9-2017,Single Family Residential,1534 Edith St,Berkeley,CA,94703,1250000,2,1.0,North Berkeley,1209,3560,1922,42,1034,,Sold,,,http://www.redfin.com/CA/Berkeley/1534-Edith-St-94703/home/685226,EBRD/CCAR/Bay East,40787894,N,Y,37.8779081,-122.2773344
PAST SALE,March-30-2017,Multi-Family (2-4 Unit),2327 Browning St,Berkeley,CA,94702,1200000,5,4.0,Berkeley,3104,7020,1954,174,387,,Sold,,,http://www.redfin.com/CA/Berkeley/2327-Browning-St-94702/home/1245395,EBRD/CCAR/Bay East,40765597,N,Y,37.8641848,-122.2871801
PAST SALE,June-13-2017,Single Family Residential,2650 Hilgard,Berkeley,CA,94709,1865000,3,2.0,Northside,2689,6250,1924,99,694,,Sold,,,http://www.redfin.com/CA/Berkeley/2650-Hilgard-Ave-94709/home/1291841,EBRD/CCAR/Bay East,40780673,N,Y,37.8786974,-122.2581662
PAST SALE,August-10-2017,Multi-Family (2-4 Unit),2125 Cedar St,Berkeley,CA,94709,1447500,6,4.0,Gourmet Ghetto,2446,6200,1908,41,592,,Sold,,,http://www.redfin.com/CA/Berkeley/2125-Cedar-St-94709/home/1670706,EBRD/CCAR/Bay East,40785775,N,Y,37.878855,-122.26766
PAST SALE,August-14-2017,Single Family Residential,1870 San Ramon Ave,Berkeley,CA,94707,1205000,3,2.5,Thousand Oaks,2138,5000,1953,37,564,,Sold,,,http://www.redfin.com/CA/Berkeley/1870-San-Ramon-Ave-94707/home/699146,EBRD/CCAR/Bay East,40784924,N,Y,37.8983105,-122.2785328
PAST SALE,,Single Family Residential,320 Rugby Ave,Kensington,CA,94708,400000,4,2.0,,1790,8160,1952,,223,,,,,http://www.redfin.com/CA/Kensington/320-Rugby-Ave-94708/home/1658105,,,N,Y,37.904345,-122.275148
PAST SALE,July-17-2017,Single Family Residential,1230 Walnut St,Berkeley,CA,94709,1188000,4,3.0,Gourmet Ghetto,2083,5400,1952,65,570,,Sold,,,http://www.redfin.com/CA/Berkeley/1230-Walnut-St-94709/home/694360,EBRD/CCAR/Bay East,40784238,N,Y,37.8850791,-122.268987
PAST SALE,May-26-2017,Single Family Residential,102 El Camino Real,Berkeley,CA,94705,1500000,4,3.0,Claremont/Rckrdg,2170,9300,1920,117,691,,Sold,,,http://www.redfin.com/CA/Berkeley/102-El-Camino-Real-94705/home/1365748,EBRD/CCAR/Bay East,40772137,N,Y,37.8541163,-122.241011
PAST SALE,,Multi-Family (2-4 Unit),1223 Ashby Ave,Berkeley,CA,94702,950000,,,,4526,6825,1947,,210,,,,,http://www.redfin.com/CA/Berkeley/1223-Ashby-Ave-94702/home/1963912,,,N,Y,37.852561,-122.285991
PAST SALE,June-12-2017,Multi-Family (2-4 Unit),1253 Burnett St,Berkeley,CA,94702,630000,2,2.0,Berkeley,1422,3128,1922,100,443,,Sold,,,http://www.redfin.com/CA/Berkeley/1253-Burnett-St-94702/home/1358723,EBRD/CCAR/Bay East,40760882,N,Y,37.8536365,-122.2846383
PAST SALE,June-14-2017,Single Family Residential,2528 Chilton Way,Berkeley,CA,94704,1350000,5,2.0,Berkeley Bowl,2245,3612,1908,98,601,,Sold,,,http://www.redfin.com/CA/Berkeley/2528-Chilton-Way-94704/home/1882950,EBRD/CCAR/Bay East,40780595,N,Y,37.8639021,-122.2597748
PAST SALE,June-21-2017,Condo/Co-op,32 Domingo Ave #3,Berkeley,CA,94705,927500,2,1.0,Claremont,1100,5665,1924,91,843,250,Sold,,,http://www.redfin.com/CA/Berkeley/32-Domingo-Ave-94705/unit-3/home/1227366,EBRD/CCAR/Bay East,40781638,N,Y,37.8571203,-122.2441139
PAST SALE,July-7-2017,Single Family Residential,1634 9th St,Berkeley,CA,94710,710000,2,1.0,Oceanview,734,5000,1920,75,967,,Sold,,,http://www.redfin.com/CA/Berkeley/1634-9th-St-94710/home/114062973,EBRD/CCAR/Bay East,40783282,N,Y,37.8645848,-122.2965778
PAST SALE,June-26-2017,Single Family Residential,267 Gravatt Dr,Berkeley,CA,94705,1600000,3,3.5,Claremont,3025,7020,1996,86,529,,Sold,,,http://www.redfin.com/CA/Berkeley/267-Gravatt-Dr-94705/home/1572534,EBRD/CCAR/Bay East,40778737,N,Y,37.8593106,-122.2362718
PAST SALE,May-26-2017,Multi-Family (2-4 Unit),3113-3115 Ellis St,BERKELEY,CA,94703,1100688,4,,BERKELEY,2244,5160,1987,117,491,,Sold,,,http://www.redfin.com/CA/Berkeley/3115-Ellis-St-94703/home/663094,MLSListings,ML81645856,N,Y,37.8517494,-122.2725806
PAST SALE,July-7-2017,Single Family Residential,6 Nogales St,Berkeley,CA,94705,2600000,3,3.0,Berkeley/Albany,2240,5500,1915,75,1161,,Sold,,,http://www.redfin.com/CA/Berkeley/6-Nogales-St-94705/home/1988402,San Francisco MLS,459354,N,Y,37.8546248,-122.2447629
PAST SALE,July-5-2017,Single Family Residential,,Berkeley,CA,94710,865000,3,1.0,Berkeley,1246,4692,1949,77,694,,Sold,,,http://www.redfin.com/CA/Berkeley/Undisclosed-address-94710/home/1802562,EBRD/CCAR/Bay East,40780702,N,Y,37.865776,-122.29782
PAST SALE,June-13-2017,Townhouse,2108 6th St,Berkeley,CA,94710-2204,1005000,2,2.0,West Berkeley,1677,,2007,99,599,406,Sold,,,http://www.redfin.com/CA/Berkeley/2108-6th-St-94710/home/17184537,EBRD/CCAR/Bay East,40781716,N,Y,37.866319,-122.297468
PAST SALE,July-14-2017,Single Family Residential,2918 Ellsworth St,Berkeley,CA,94705,1800000,4,3.5,Berkeley Bowl,2263,6750,1903,68,795,,Sold,,,http://www.redfin.com/CA/Berkeley/2918-Ellsworth-St-94705/home/1414260,EBRD/CCAR/Bay East,40783223,N,Y,37.8566819,-122.2616473
PAST SALE,July-12-2017,Single Family Residential,1351 Channing Way,Berkeley,CA,94702-2149,980000,2,1.5,Central Berkeley,928,3400,1946,70,1056,,Sold,,,http://www.redfin.com/CA/Berkeley/1351-Channing-Way-94702/home/1467013,EBRD/CCAR/Bay East,40784521,N,Y,37.8638703,-122.2837883
PAST SALE,July-11-2017,Single Family Residential,128 ALVARADO Rd,Berkeley,CA,94705,2400000,5,5.0,Claremont,4018,8100,1927,71,597,,Sold,,,http://www.redfin.com/CA/Berkeley/128-Alvarado-Rd-94705/home/1044871,EBRD/CCAR/Bay East,40782889,N,Y,37.856998,-122.2394064
PAST SALE,April-26-2017,Single Family Residential,1214 Oregon St,Berkeley,CA,94702,711000,2,1.0,Berkeley,1255,3500,1922,147,567,,Sold,,,http://www.redfin.com/CA/Berkeley/1214-Oregon-St-94702/home/845495,EBRD/CCAR/Bay East,40775585,N,Y,37.854946,-122.2858042
PAST SALE,July-21-2017,Single Family Residential,2445 Edwards St,Berkeley,CA,94702,1150000,2,2.0,Berkeley,,2905,1910,61,,,Sold,,,http://www.redfin.com/CA/Berkeley/2445-Edwards-St-94702/home/1419327,EBRD/CCAR/Bay East,40785532,N,Y,37.8623342,-122.2819144
PAST SALE,July-21-2017,Multi-Family (2-4 Unit),1737 San Pablo Ave,Berkeley,CA,94702,878000,4,4.0,Berkeley,2650,5500,1943,61,331,,Sold,,,http://www.redfin.com/CA/Berkeley/1737-San-Pablo-Ave-94702/home/677003,EBRD/CCAR/Bay East,40781613,N,Y,37.8721604,-122.2928129
PAST SALE,,Multi-Family (2-4 Unit),6454 Benvenue Ave,Oakland,CA,94618,1400000,9,5.0,,4215,6500,,,332,,,,,http://www.redfin.com/CA/Oakland/6454-Benvenue-Ave-94618/home/1630616,,,N,Y,37.852552,-122.25338
PAST SALE,August-18-2017,Condo/Co-op,2 Panoramic Way #104,Berkeley,CA,94704,670000,2,1.0,South Campus,715,8093,1967,33,937,463,Sold,,,http://www.redfin.com/CA/Berkeley/2-Panoramic-Way-94704/unit-104/home/1198948,EBRD/CCAR/Bay East,40788414,N,Y,37.8691714,-122.2498756
PAST SALE,June-6-2017,Single Family Residential,1701 62Nd St,Berkeley,CA,94703,672000,2,1.0,Berkeley,1020,2720,1923,106,659,,Sold,,,http://www.redfin.com/CA/Berkeley/1701-62nd-St-94703/home/1682238,EBRD/CCAR/Bay East,40777228,N,Y,37.8468718,-122.2730545
PAST SALE,June-28-2017,Single Family Residential,2750 Mcgee Ave,Berkeley,CA,94703,832000,3,1.0,Central Berkeley,1330,4200,1921,84,626,,Sold,,,http://www.redfin.com/CA/Berkeley/2750-McGee-Ave-94703/home/663456,EBRD/CCAR/Bay East,40785403,N,Y,37.8578489,-122.2757326
PAST SALE,March-31-2017,Single Family Residential,1813 Derby St,Berkeley,CA,94703,1085000,4,3.0,Berkeley Central,2030,6220,1925,173,534,,Sold,,,http://www.redfin.com/CA/Berkeley/1813-Derby-St-94703/home/1003196,EBRD/CCAR/Bay East,40770651,N,Y,37.8597788,-122.2728686
PAST SALE,July-20-2017,Multi-Family (2-4 Unit),3341 King St,Berkeley,CA,94703,700000,2,2.0,Lorin,1824,5000,1924,62,384,,Sold,,,http://www.redfin.com/CA/Berkeley/3341-King-St-94703/home/633012,EBRD/CCAR/Bay East,40783950,N,Y,37.847072,-122.273018
PAST SALE,July-26-2017,Single Family Residential,99 Evergreen Ln,Berkeley,CA,94705,1350000,4,3.5,Claremont Hills,2500,8512,1962,56,540,,Sold,,,http://www.redfin.com/CA/Berkeley/99-Evergreen-Ln-94705/home/1650308,EBRD/CCAR/Bay East,40783439,N,Y,37.8608003,-122.2394106
PAST SALE,,Single Family Residential,1407 Carleton St,Berkeley,CA,94702,510000,4,1.0,,2326,7448,1913,,219,,,,,http://www.redfin.com/CA/Berkeley/1407-Carleton-St-94702/home/553491,,,N,Y,37.8596111,-122.2818969
PAST SALE,August-2-2017,Condo/Co-op,1175 66Th St,Oakland,CA,94608,905000,2,2.0,Nobe,1528,,2006,49,592,299,Sold,,,http://www.redfin.com/CA/Oakland/1175-66th-St-94608/home/12116481,EBRD/CCAR/Bay East,40785618,N,Y,37.8486375,-122.2868371
PAST SALE,,Multi-Family (2-4 Unit),470 65th St,Oakland,CA,94609,1605000,2,2.0,,2176,4240,1924,,738,,,,,http://www.redfin.com/CA/Oakland/470-65th-St-94609/home/1095746,,,N,Y,37.8513234,-122.259544
PAST SALE,May-23-2017,Single Family Residential,923 Fresno Ave,Berkeley,CA,94707,1330000,2,1.5,North Berkeley,1352,4640,1922,120,984,,Sold,,,http://www.redfin.com/CA/Berkeley/923-Fresno-Ave-94707/home/696925,EBRD/CCAR/Bay East,40778241,N,Y,37.8905636,-122.2776984
PAST SALE,May-25-2017,Single Family Residential,1325 California St,Berkeley,CA,94703,1260000,3,2.0,Northbrae,1286,4025,1921,118,980,,Sold,,,http://www.redfin.com/CA/Berkeley/1325-California-St-94703/home/1459210,EBRD/CCAR/Bay East,40778151,Y,Y,37.8806045,-122.2811694
PAST SALE,June-8-2017,Single Family Residential,1352 Virginia St,Berkeley,CA,94702,1230000,3,1.5,N Berkeley,1189,4000,1925,104,1034,,Sold,,,http://www.redfin.com/CA/Berkeley/1352-Virginia-St-94702/home/1447544,EBRD/CCAR/Bay East,40780734,Y,Y,37.874149,-122.28619
PAST SALE,,Single Family Residential,1634 9TH ST,BERKELEY,CA,94710,710000,2,1.0,,732,5200,1937,,970,,,,,http://www.redfin.com/CA/BERKELEY/1634-9TH-ST-94710/home/1414663,,,N,Y,37.873525,-122.296359
PAST SALE,June-29-2017,Single Family Residential,935 Mendocino Ave,Berkeley,CA,94707,1380000,2,1.5,North Berkeley,1526,3942,1925,83,904,,Sold,,,http://www.redfin.com/CA/Berkeley/935-Mendocino-Ave-94707/home/694683,EBRD/CCAR/Bay East,40783486,N,Y,37.8909097,-122.2734187
PAST SALE,July-10-2017,Single Family Residential,1333 Grant St,Berkeley,CA,94703,1932000,4,1.0,Gourmet Ghetto,2207,10665,1910,72,875,,Sold,,,http://www.redfin.com/CA/Berkeley/1333-Grant-St-94703/home/688584,EBRD/CCAR/Bay East,40785849,N,Y,37.8818387,-122.2761573
PAST SALE,,Single Family Residential,1619 Jaynes St,Berkeley,CA,94703,1625000,2,2.0,,1663,4773,1908,,977,,,,,http://www.redfin.com/CA/Berkeley/1619-Jaynes-St-94703/home/1144363,,,N,Y,37.8781574,-122.2797237
PAST SALE,July-26-2017,Single Family Residential,1526 Josephine St,Berkeley,CA,94703,1575000,3,2.0,N Berkeley,1476,5400,1922,56,1067,,Sold,,,http://www.redfin.com/CA/Berkeley/1526-Josephine-St-94703/home/1893083,EBRD/CCAR/Bay East,40788539,N,Y,37.878455,-122.2751152
PAST SALE,August-4-2017,Single Family Residential,815 The Alameda,Berkeley,CA,94707,1625000,6,4.0,Thousand Oaks,3595,6426,1932,47,452,,Sold,,,http://www.redfin.com/CA/Berkeley/815-The-Alameda-94707/home/750612,EBRD/CCAR/Bay East,40783271,N,Y,37.8939313,-122.2766667
PAST SALE,August-15-2017,Single Family Residential,684 Colusa Ave,Berkeley,CA,94707,1270000,4,1.5,Berkeley/Albany,2080,4200,1925,36,611,,Sold,,,http://www.redfin.com/CA/Berkeley/684-Colusa-Ave-94707/home/1325778,San Francisco MLS,459193,N,Y,37.8948179,-122.2832411
PAST SALE,May-26-2017,Single Family Residential,3046 Stanton St,Berkeley,CA,94702,835000,4,2.0,Lorin,1998,4000,1924,117,418,,Sold,,,http://www.redfin.com/CA/Berkeley/3046-Stanton-St-94702/home/1776868,EBRD/CCAR/Bay East,40775176,N,Y,37.8516682,-122.2794832
PAST SALE,June-29-2017,Single Family Residential,1614 Prince St,Berkeley,CA,94703,870000,2,1.0,Berkeley,1006,5130,1909,83,865,,Sold,,,http://www.redfin.com/CA/Berkeley/1614-Prince-St-94703/home/653108,EBRD/CCAR/Bay East,40781563,N,Y,37.8516986,-122.2757138
PAST SALE,June-9-2017,Single Family Residential,2201 McGee Ave,Berkeley,CA,94703,851000,2,1.0,Central Berkeley,967,2100,1926,103,880,,Sold,,,http://www.redfin.com/CA/Berkeley/2201-McGee-Ave-94703/home/1953795,EBRD/CCAR/Bay East,40779774,N,Y,37.8680956,-122.2769457
PAST SALE,June-22-2017,Multi-Family (2-4 Unit),2807 Martin Luther King,Berkeley,CA,94703-2111,1400000,5,2.0,Berkeley,3362,2680,1906,90,416,,Sold,,,http://www.redfin.com/CA/Berkeley/2807-Martin-Luther-King-Junior-Way-94703/home/1406563,EBRD/CCAR/Bay East,40781608,N,Y,37.857695,-122.271129
PAST SALE,May-31-2017,Single Family Residential,1116 Cowper St,Berkeley,CA,94702,1020000,2,2.0,Central,948,5200,1910,112,1076,,Sold,,,http://www.redfin.com/CA/Berkeley/1116-Cowper-St-94702/home/1947351,EBRD/CCAR/Bay East,40777895,N,Y,37.867112,-122.290694
PAST SALE,June-30-2017,Single Family Residential,1327 Dwight Way,Berkeley,CA,94702,1251000,3,1.0,Central Berkeley,1287,4800,1926,82,972,,Sold,,,http://www.redfin.com/CA/Berkeley/1327-Dwight-Way-94702/home/1343624,EBRD/CCAR/Bay East,40783376,Y,Y,37.8618709,-122.2851173
PAST SALE,June-29-2017,Single Family Residential,1217 Ward St,Berkeley,CA,94702,1050000,2,1.0,South Berkeley,1082,3500,1929,83,970,,Sold,,,http://www.redfin.com/CA/Berkeley/1217-Ward-St-94702/home/982572,EBRD/CCAR/Bay East,40782710,N,Y,37.8573873,-122.2855318
PAST SALE,,Condo/Co-op,1629 Stuart St Unit C,Berkeley,CA,94703,437000,1,1.0,,616,,1900,,709,,,,,http://www.redfin.com/CA/Berkeley/1629-Stuart-St-94703/unit-C/home/50263650,,,N,Y,37.8576526,-122.2765011
PAST SALE,April-28-2017,Single Family Residential,6301 Herzog St,Oakland,CA,94608,1260000,4,3.5,Nobe,3258,4800,1908,145,387,,Sold,,,http://www.redfin.com/CA/Oakland/6301-Herzog-St-94608/home/531569,EBRD/CCAR/Bay East,40773387,N,Y,37.8464024,-122.2832533
PAST SALE,July-27-2017,Multi-Family (2-4 Unit),2336 Curtis St,Berkeley,CA,94702,920000,2,4.0,Berkeley,2089,4000,1948,55,440,,Sold,,,http://www.redfin.com/CA/Berkeley/2336-Curtis-St-94702/home/1691004,EBRD/CCAR/Bay East,40781456,N,Y,37.863539,-122.2886918
PAST SALE,July-18-2017,Condo/Co-op,6424 Benvenue Ave,Oakland,CA,94618,800000,2,1.5,Rockridge/Elmwd,,,1819,64,,25,Sold,,,http://www.redfin.com/CA/Oakland/6424-Benvenue-Ave-94618/home/531398,EBRD/CCAR/Bay East,40783563,N,Y,37.851735,-122.253243
PAST SALE,July-14-2017,Single Family Residential,2434 EDWARDS St,Berkeley,CA,94702,1280000,3,2.5,Berkeley,1752,3500,1925,68,731,,Sold,,,http://www.redfin.com/CA/Berkeley/2434-Edwards-St-94702/home/671697,EBRD/CCAR/Bay East,40783385,N,Y,37.8625751,-122.2824126
PAST SALE,July-27-2017,Condo/Co-op,2026 Parker St Unit A,Berkeley,CA,94704,610000,1,1.0,Berkeley Bowl,635,,1956,55,961,121,Sold,,,http://www.redfin.com/CA/Berkeley/2026-Parker-St-94704/unit-A/home/1414404,EBRD/CCAR/Bay East,40786067,N,Y,37.861735,-122.268238
PAST SALE,July-27-2017,Single Family Residential,2211 OREGON St,Berkeley,CA,94705,1705000,3,2.5,Berkeley,1996,4573,1906,55,854,,Sold,,,http://www.redfin.com/CA/Berkeley/2211-Oregon-St-94705/home/529138,EBRD/CCAR/Bay East,40785400,N,Y,37.8582582,-122.263424
PAST SALE,August-1-2017,Single Family Residential,1117 Cowper St,Berkeley,CA,94702,603000,3,1.0,Berkeley,983,3000,1913,50,613,,Sold,,,http://www.redfin.com/CA/Berkeley/1117-Cowper-St-94702/home/531482,EBRD/CCAR/Bay East,40763792,N,Y,37.8675631,-122.2905815
PAST SALE,August-18-2017,Single Family Residential,2245 Prince St,Berkeley,CA,94705,915000,2,1.0,Berkeley,1104,3300,1906,33,829,,Sold,,,http://www.redfin.com/CA/Berkeley/2245-Prince-St-94705/home/1872862,EBRD/CCAR/Bay East,40789498,N,Y,37.853808,-122.2623112
PAST SALE,August-18-2017,Single Family Residential,2409 Martin Luther King Jr Way,Berkeley,CA,94704,1450000,4,4.0,Central Berkeley,1950,3644,1890,33,744,,Sold,,,http://www.redfin.com/CA/Berkeley/2409-Martin-Luther-King-Junior-Way-94704/home/1892894,EBRD/CCAR/Bay East,40790899,N,Y,37.8649674,-122.2719726
PAST SALE,May-31-2017,Multi-Family (2-4 Unit),1900 Woolsey St,Berkeley,CA,94703,1300000,4,4.0,Berkeley,2556,4506,1943,112,509,,Sold,,,http://www.redfin.com/CA/Berkeley/1900-Woolsey-St-94703/home/680403,EBRD/CCAR/Bay East,40773565,N,Y,37.8517169,-122.2697772
PAST SALE,June-2-2017,Single Family Residential,6452 Regent St,Oakland,CA,94618,1350000,5,3.0,Rockridge,3222,5200,1916,110,419,,Sold,,,http://www.redfin.com/CA/Oakland/6452-Regent-St-94618/home/1546253,EBRD/CCAR/Bay East,40779525,N,Y,37.852898,-122.2557613
PAST SALE,May-26-2017,Single Family Residential,800 Grizzly Peak Blvd,Berkeley,CA,94708,1260000,2,1.0,N Berkeley,1264,7040,1939,117,997,,Sold,,,http://www.redfin.com/CA/Berkeley/800-Grizzly-Peak-Blvd-94708/home/703261,EBRD/CCAR/Bay East,40781162,N,Y,37.8979771,-122.2624309
PAST SALE,June-8-2017,Single Family Residential,2104 Spaulding Ave,Berkeley,CA,94703,950000,2,1.0,Central Berkeley,1008,3312,1924,104,942,,Sold,,,http://www.redfin.com/CA/Berkeley/2104-Spaulding-Ave-94703/home/693920,EBRD/CCAR/Bay East,40779916,N,Y,37.8693261,-122.2810563
PAST SALE,,Multi-Family (2-4 Unit),2479 Le Conte Ave,Berkeley,CA,94709,3195000,9,10.0,,9389,7000,1925,,340,,,,,http://www.redfin.com/CA/Berkeley/2479-Le-Conte-Ave-94709/home/1857768,,,N,Y,37.8771643,-122.2611214
PAST SALE,June-22-2017,Single Family Residential,1602 Bancroft Way,Berkeley,CA,94703,1325000,3,2.0,Central Berkeley,,3399,1916,90,,,Sold,,,http://www.redfin.com/CA/Berkeley/1602-Bancroft-Way-94703/home/633240,EBRD/CCAR/Bay East,40782033,N,Y,37.8659693,-122.2789675
PAST SALE,June-23-2017,Multi-Family (2-4 Unit),893 Dwight Way,Berkeley,CA,94710,1310000,,,Berkeley,2566,4373,1963,89,511,,Sold,,,http://www.redfin.com/CA/Berkeley/893-Dwight-Way-94710/home/1672849,EBRD/CCAR/Bay East,40781658,N,Y,37.8605651,-122.2944287
PAST SALE,June-26-2017,Single Family Residential,2014 Delaware St,Berkeley,CA,94709,2250000,6,4.5,North Berkeley,3521,5372,1905,86,639,,Sold,,,http://www.redfin.com/CA/Berkeley/2014-Delaware-St-94709/home/1498217,EBRD/CCAR/Bay East,40777572,N,Y,37.8743719,-122.2704421
PAST SALE,June-27-2017,Single Family Residential,1419 Hearst Ave,Berkeley,CA,94702,1260000,3,3.0,North/West,1538,3500,1917,85,819,,Sold,,,http://www.redfin.com/CA/Berkeley/1419-Hearst-Ave-94702/home/676889,EBRD/CCAR/Bay East,40781890,N,Y,37.871887,-122.2836648
PAST SALE,June-1-2017,Single Family Residential,521 Santa Fe Ave,Albany,CA,94706,1375000,3,2.5,Albany,1510,3800,1927,111,911,,Sold,,,http://www.redfin.com/CA/Albany/521-Santa-Fe-Ave-94706/home/2030539,EBRD/CCAR/Bay East,40778726,N,Y,37.897592,-122.28776
PAST SALE,,Condo/Co-op,1623 Bonita Ave,Berkeley,CA,94709,850000,3,3.0,,1781,,1993,,477,,,,,http://www.redfin.com/CA/Berkeley/1623-Bonita-Ave-94709/home/554065,,,N,Y,37.877041,-122.272101
PAST SALE,July-3-2017,Single Family Residential,1701 Dwight Way,Berkeley,CA,94703,835000,3,1.5,Berkeley Central,1228,3500,1908,79,680,,Sold,,,http://www.redfin.com/CA/Berkeley/1701-Dwight-Way-94703/home/1938087,EBRD/CCAR/Bay East,40781580,N,Y,37.8629535,-122.2764756
PAST SALE,July-6-2017,Single Family Residential,1968 Yosemite Rd,Berkeley,CA,94707-1651,1600000,6,3.5,Thousand Oaks,3553,3741,1926,76,450,,Sold,,,http://www.redfin.com/CA/Berkeley/1968-Yosemite-Rd-94707/home/1498553,EBRD/CCAR/Bay East,40781304,N,Y,37.8954198,-122.2763983
PAST SALE,,Single Family Residential,7 Virginia Gdns,Berkeley,CA,94702,730000,2,1.0,,1000,4000,1939,,730,,,,,http://www.redfin.com/CA/Berkeley/7-Virginia-Gdns-94702/home/1245435,,,N,Y,37.8748899,-122.2868576
PAST SALE,April-26-2017,Multi-Family (2-4 Unit),1634 Harmon St,Berkeley,CA,94703,1250000,4,2.0,Berkeley,2304,5314,1908,147,543,,Sold,,,http://www.redfin.com/CA/Berkeley/1634-Harmon-St-94703/home/1810362,EBRD/CCAR/Bay East,40773886,N,Y,37.8491193,-122.2743133
PAST SALE,April-4-2017,Single Family Residential,1721 Blake St,Berkeley,CA,94703,1500000,3,2.5,Central,1810,5080,1912,169,829,,Sold,,,http://www.redfin.com/CA/Berkeley/1721-Blake-St-94703/home/664546,EBRD/CCAR/Bay East,40772913,N,Y,37.8622413,-122.2753547
PAST SALE,,Condo/Co-op,2125 California St,Berkeley,CA,94703,367000,3,2.0,,1836,,1994,,200,,,,,http://www.redfin.com/CA/Berkeley/2125-California-St-94703/home/672939,,,N,Y,37.8688934,-122.2793044
PAST SALE,,Single Family Residential,1340 8TH ST,BERKELEY,CA,94710,1001000,3,3.0,,1570,4685,1910,,638,,,,,http://www.redfin.com/CA/BERKELEY/1340-8TH-ST-94710/home/1518811,,,N,Y,37.878406,-122.298996
PAST SALE,April-10-2017,Single Family Residential,1633 Portland Ave,Berkeley,CA,94707,1310000,2,2.0,Thousand Oaks,1289,3705,1926,163,1016,,Sold,,,http://www.redfin.com/CA/Berkeley/1633-Portland-Ave-94707/home/1388780,EBRD/CCAR/Bay East,40771785,N,Y,37.8948362,-122.2850252
PAST SALE,July-19-2017,Single Family Residential,2909 Acton St,Berkeley,CA,94702,810000,3,2.0,Berkeley,1468,4400,1924,63,552,,Sold,,,http://www.redfin.com/CA/Berkeley/2909-Acton-St-94702/home/1003125,EBRD/CCAR/Bay East,40787327,N,Y,37.8541997,-122.2813823
PAST SALE,,Multi-Family (2-4 Unit),2422 5th St,Berkeley,CA,94710,1400000,5,2.0,,1672,6250,1914,,837,,,,,http://www.redfin.com/CA/Berkeley/2422-5th-St-94710/home/1573459,,,N,Y,37.860555,-122.296828
PAST SALE,July-19-2017,Single Family Residential,2021 10th St,Berkeley,CA,94710,1318000,3,2.0,Berkeley,,6566,1910,63,,,Sold,,,http://www.redfin.com/CA/Berkeley/2021-Tenth-St-94710/home/1690955,EBRD/CCAR/Bay East,40781071,N,Y,37.868063,-122.292693
PAST SALE,July-23-2017,Single Family Residential,1424 Hopkins St,Berkeley,CA,94702,1250000,3,2.0,Berkeley,1709,6500,1932,59,731,,Sold,,,http://www.redfin.com/CA/Berkeley/1424-Hopkins-St-94702/home/1368016,EBRD/CCAR/Bay East,40787144,N,Y,37.8800334,-122.2845916
PAST SALE,July-28-2017,Multi-Family (2-4 Unit),1943 Rose St,Berkeley,CA,94709-1961,1000000,,,Gourmet Ghetto,2861,4000,1898,54,350,,Sold,,,http://www.redfin.com/CA/Berkeley/1943-Rose-St-94709/home/1365426,EBRD/CCAR/Bay East,40784502,N,Y,37.881903,-122.272213
PAST SALE,August-11-2017,Single Family Residential,1216 Curtis St,Berkeley,CA,94706,1035000,2,1.5,Westbrae,1047,4500,1915,40,989,,Sold,,,http://www.redfin.com/CA/Berkeley/1216-Curtis-St-94706/home/663874,EBRD/CCAR/Bay East,40787309,N,Y,37.8824252,-122.289857
PAST SALE,,Single Family Residential,1730 Francisco St,Berkeley,CA,94703,1080000,3,1.0,,1194,5400,1914,,905,,,,,http://www.redfin.com/CA/Berkeley/1730-Francisco-St-94703/home/678151,,,N,Y,37.8745341,-122.276497
PAST SALE,August-15-2017,Single Family Residential,1559 Posen Ave,Berkeley,CA,94706,1125000,5,2.0,Northbrae,2064,4368,1923,36,545,,Sold,,,http://www.redfin.com/CA/Berkeley/1559-Posen-Ave-94706/home/1621331,EBRD/CCAR/Bay East,40787316,N,Y,37.8852291,-122.2816811
PAST SALE,July-26-2017,Single Family Residential,6201 Baker St,Oakland,CA,94608,810000,2,1.0,Nobe,974,3480,1922,56,832,,Sold,,,http://www.redfin.com/CA/Oakland/6201-Baker-St-94608/home/1077434,EBRD/CCAR/Bay East,40785445,N,Y,37.8458381,-122.2793873
PAST SALE,,Multi-Family (2-4 Unit),1329 66th St Unit C,Berkeley,CA,94702,950000,,,,,,,,,,,,,http://www.redfin.com/CA/Berkeley/1329-66th-St-94702/unit-C/home/2040889,,,N,Y,37.8499474,-122.2813788
PAST SALE,June-9-2017,Single Family Residential,1003 Middlefield Rd,Berkeley,CA,94708,1100000,3,2.0,Park Hills,2046,5880,1955,103,538,21,Sold,,,http://www.redfin.com/CA/Berkeley/1003-Middlefield-Rd-94708/home/1719260,EBRD/CCAR/Bay East,40780262,N,Y,37.8953531,-122.2564044
PAST SALE,May-11-2017,Single Family Residential,1350 Scenic Ave,Berkeley,CA,94708,1150000,5,3.0,Berkeley Hills,2532,6552,1908,132,454,,Sold,,,http://www.redfin.com/CA/Berkeley/1350-Scenic-Ave-94708/home/846290,EBRD/CCAR/Bay East,40775933,N,Y,37.8832837,-122.263417
PAST SALE,May-30-2017,Single Family Residential,21 Bonnie Ln,Berkeley,CA,94708,1305000,3,3.0,Berkeley Hills,1722,4536,1959,113,758,,Sold,,,http://www.redfin.com/CA/Berkeley/21-Bonnie-Ln-94708/home/700570,EBRD/CCAR/Bay East,40776820,N,Y,37.895534,-122.2648997
PAST SALE,June-28-2017,Single Family Residential,1087 Euclid Ave,Berkeley,CA,94708,1125000,3,2.0,N Berkeley,1670,4100,1924,84,674,,Sold,,,http://www.redfin.com/CA/Berkeley/1087-Euclid-Ave-94708/home/1368226,EBRD/CCAR/Bay East,40781816,N,Y,37.8900166,-122.2622675
PAST SALE,June-2-2017,Single Family Residential,1086 Grizzly Peak Blvd,Berkeley,CA,94708,1415000,4,2.0,Grizzly Peak,2480,3650,1948,110,571,,Sold,,,http://www.redfin.com/CA/Berkeley/1086-Grizzly-Peak-Blvd-94708/home/1226426,EBRD/CCAR/Bay East,40780797,N,Y,37.8924124,-122.2572492
PAST SALE,July-14-2017,Single Family Residential,769 Keeler Ave,Berkeley,CA,94708,1155000,3,2.0,North Cragmont,1764,6280,1926,68,655,,Sold,,,http://www.redfin.com/CA/Berkeley/769-Keeler-Ave-94708/home/846926,EBRD/CCAR/Bay East,40781670,N,Y,37.8977884,-122.2632247
PAST SALE,July-24-2017,Single Family Residential,1291 Queens Rd,Berkeley,CA,94708,1100000,3,2.0,Berkeley Hills,1741,5736,1938,58,632,,Sold,,,http://www.redfin.com/CA/Berkeley/1291-Queens-Rd-94708/home/690835,EBRD/CCAR/Bay East,40784255,N,Y,37.8861356,-122.2533834
PAST SALE,July-24-2017,Condo/Co-op,1820 Arch St,Berkeley,CA,94709,775000,2,1.0,Arch St,1077,,1963,58,720,367,Sold,,,http://www.redfin.com/CA/Berkeley/1820-Arch-St-94709/home/679733,EBRD/CCAR/Bay East,40785485,N,Y,37.87566,-122.264446
PAST SALE,,Single Family Residential,1256 Spruce St,Berkeley,CA,94709,1150000,3,2.0,,1941,5400,1942,,592,,,,,http://www.redfin.com/CA/Berkeley/1256-Spruce-St-94709/home/689549,,,N,Y,37.8847179,-122.2666273
PAST SALE,August-15-2017,Single Family Residential,1022 Shattuck Ave,Berkeley,CA,94707,1850000,5,3.0,North Berkeley,4040,8950,1927,36,458,,Sold,,,http://www.redfin.com/CA/Berkeley/1022-Shattuck-Ave-94707/home/1893205,EBRD/CCAR/Bay East,40789069,N,Y,37.8886814,-122.2694033
PAST SALE,June-7-2017,Single Family Residential,1444 Glendale Ave,Berkeley,CA,94708,1025000,4,3.0,Berkeley Hills,1803,5832,1940,105,568,,Sold,,,http://www.redfin.com/CA/Berkeley/1444-Glendale-Ave-94708/home/689934,EBRD/CCAR/Bay East,40777189,N,Y,37.8828453,-122.2538177
PAST SALE,June-30-2017,Condo/Co-op,2700 Le Conte Ave #501,Berkeley,CA,94709,670000,1,1.0,Northside,682,,1973,82,982,399,Sold,,,http://www.redfin.com/CA/Berkeley/2700-Le-Conte-Ave-94709/unit-501/home/123780511,EBRD/CCAR/Bay East,40785691,N,Y,37.8771263,-122.2569162
PAST SALE,June-16-2017,Single Family Residential,775 Creston Rd,Berkeley,CA,94708,1131000,2,3.0,Berkeley/Albany,1972,4000,1952,96,574,,Sold,,,http://www.redfin.com/CA/Berkeley/775-Creston-Rd-94708/home/1144702,San Francisco MLS,457725,N,Y,37.8989367,-122.2622145
PAST SALE,June-23-2017,Single Family Residential,435 Berkeley Park Blvd,Kensington,CA,94706,720000,2,1.0,Colusa Circle,804,3900,1938,89,896,,Sold,,,http://www.redfin.com/CA/Kensington/435-Berkeley-Park-Blvd-94706/home/1475018,EBRD/CCAR/Bay East,40779779,N,Y,37.8984474,-122.2869499
PAST SALE,April-11-2017,Single Family Residential,233 Lake Dr,Kensington,CA,94708,1050000,4,2.0,Upper Kensington,1468,6600,1948,162,715,,Sold,,,http://www.redfin.com/CA/Kensington/233-Lake-Dr-94708/home/778610,EBRD/CCAR/Bay East,40772905,N,Y,37.9099308,-122.2723153
PAST SALE,June-23-2017,Single Family Residential,1073 Cragmont Ave,Berkeley,CA,94708,1225000,3,3.0,North Cragmont,2387,5420,1942,89,513,,Sold,,,http://www.redfin.com/CA/Berkeley/1073-Cragmont-Ave-94708/home/1191974,EBRD/CCAR/Bay East,40778673,N,Y,37.8918367,-122.2617346
PAST SALE,June-27-2017,Single Family Residential,243 Colusa Ave,Kensington,CA,94707,950000,3,2.0,Kensington Circl,941,4429,1925,85,1010,,Sold,,,http://www.redfin.com/CA/Kensington/243-Colusa-Ave-94707/home/1435756,EBRD/CCAR/Bay East,40778691,N,Y,37.9033907,-122.2883349
PAST SALE,July-3-2017,Single Family Residential,237 Los Altos Dr,Kensington,CA,94708,1350000,3,2.0,Kensington Park,1764,6000,1962,79,765,,Sold,,,http://www.redfin.com/CA/Kensington/237-Los-Altos-Dr-94708/home/1765274,EBRD/CCAR/Bay East,40783386,N,Y,37.909086,-122.2707442
PAST SALE,June-28-2017,Single Family Residential,514 Curtis St,Albany,CA,94706,1250000,3,1.0,Thousand Oaks,1174,3700,1930,84,1065,,Sold,,,http://www.redfin.com/CA/Albany/514-Curtis-St-94706/home/1407915,EBRD/CCAR/Bay East,40781660,N,Y,37.8977549,-122.287407
PAST SALE,,Condo/Co-op,2271 Cedar St #1,Berkeley,CA,94709,720000,1,1.0,,882,,1934,,816,,,,,http://www.redfin.com/CA/Berkeley/2271-Cedar-St-94709/unit-1/home/775813,,,N,Y,37.8791156,-122.2650972
PAST SALE,June-30-2017,Single Family Residential,55 Northampton Ave,Berkeley,CA,94707,1370000,4,3.0,Thousand Oaks,2484,5280,1927,82,552,,Sold,,,http://www.redfin.com/CA/Berkeley/55-Northampton-Ave-94707/home/1279885,EBRD/CCAR/Bay East,40780773,N,Y,37.9003145,-122.2720902
PAST SALE,,Condo/Co-op,2700 Le Conte Ave Apt 501,Berkeley,CA,94709,670000,1,1.0,,682,,1973,,982,,,,,http://www.redfin.com/CA/Berkeley/2700-Le-Conte-Ave-94709/unit-501/home/684488,,,N,Y,37.8771263,-122.2569162
PAST SALE,June-30-2017,Single Family Residential,620 Vincente Ave,Berkeley,CA,94707,1635000,4,3.0,Thousand Oaks,2329,6500,1920,82,702,,Sold,,,http://www.redfin.com/CA/Berkeley/620-Vincente-Ave-94707/home/1729880,EBRD/CCAR/Bay East,40784341,N,Y,37.8962581,-122.2841313
PAST SALE,July-10-2017,Condo/Co-op,2301 Virginia #7,Berkeley,CA,94709,715000,2,1.0,N. Berkeley,820,,1958,72,872,195,Sold,,,http://www.redfin.com/CA/Berkeley/2301-Virginia-St-94709/unit-7/home/681298,EBRD/CCAR/Bay East,40786863,N,Y,37.877533,-122.2639681
PAST SALE,April-26-2017,Multi-Family (2-4 Unit),2421 Hilgard Ave,Berkeley,CA,94709,1380000,,,Berkeley,2890,3000,1928,147,478,,Sold,,,http://www.redfin.com/CA/Berkeley/2421-Hilgard-Ave-94709/home/1714242,EBRD/CCAR/Bay East,40772458,N,Y,37.8785705,-122.2624581
PAST SALE,April-11-2017,Single Family Residential,1188 Arch,Berkeley,CA,94707,1325000,2,2.0,N Berkeley,1760,5494,1924,162,753,,Sold,,,http://www.redfin.com/CA/Berkeley/1188-Arch-St-94708/home/1407324,EBRD/CCAR/Bay East,40772587,Y,Y,37.886667,-122.2657064
PAST SALE,March-24-2017,Single Family Residential,1945 SAN ANTONIO Ave,Berkeley,CA,94707,1550000,3,3.0,Thousand Oaks,1901,4116,1958,180,815,119,Sold,,,http://www.redfin.com/CA/Berkeley/1945-San-Antonio-Ave-94707/home/1467484,EBRD/CCAR/Bay East,40771193,N,Y,37.8992665,-122.2754843
PAST SALE,July-19-2017,Single Family Residential,560 SANTA CLARA Ave,Berkeley,CA,94707,1325000,4,3.5,Thousand Oaks,3068,5700,1965,63,432,,Sold,,,http://www.redfin.com/CA/Berkeley/560-Santa-Clara-Ave-94707/home/1435876,EBRD/CCAR/Bay East,40781415,N,Y,37.8989421,-122.2805923
PAST SALE,July-20-2017,Single Family Residential,1708 Marin Ave,Berkeley,CA,94707,1001000,2,1.0,Solano Ave,1181,5520,1921,62,848,,Sold,,,http://www.redfin.com/CA/Berkeley/1708-Marin-Ave-94707/home/1938636,EBRD/CCAR/Bay East,40784115,N,Y,37.8894731,-122.2810795
PAST SALE,July-28-2017,Condo/Co-op,1825 Vine St #2,Berkeley,CA,94703,580000,1,1.0,North Berkeley,595,,1912,54,975,181,Sold,,,http://www.redfin.com/CA/Berkeley/1825-Vine-St-94703/unit-2/home/1800681,EBRD/CCAR/Bay East,40785892,N,Y,37.879761,-122.274569
PAST SALE,August-1-2017,Single Family Residential,652 Wildcat Canyon Rd,Berkeley,CA,94708,1210000,3,2.0,Berkeley Hills,1947,12990,1954,50,621,,Sold,,,http://www.redfin.com/CA/Berkeley/652-Wildcat-Canyon-Rd-94708/home/1609915,EBRD/CCAR/Bay East,40785367,N,Y,37.900866,-122.261532
PAST SALE,August-2-2017,Single Family Residential,1775 Sonoma Ave,Berkeley,CA,94707,1980000,4,2.5,Northbrae,2195,6450,1915,49,902,,Sold,,,http://www.redfin.com/CA/Berkeley/1775-Sonoma-Ave-94707/home/1964463,EBRD/CCAR/Bay East,40785308,N,Y,37.8862063,-122.2790403
PAST SALE,August-3-2017,Single Family Residential,1575 LA VEREDA Rd,Berkeley,CA,94708,1165000,3,2.0,Berkeley,2508,6120,1950,48,465,,Sold,,,http://www.redfin.com/CA/Berkeley/1575-La-Vereda-Rd-94708/home/1964173,EBRD/CCAR/Bay East,40784107,N,Y,37.880653,-122.2569316
PAST SALE,April-28-2017,Condo/Co-op,2640 Warring St,Berkeley,CA,94704,823000,2,1.0,Berkeley,986,,1914,145,835,500,Sold,,,http://www.redfin.com/CA/Berkeley/2640-Warring-St-94704/home/1867395,EBRD/CCAR/Bay East,40775284,N,Y,37.862599,-122.250489
PAST SALE,April-21-2017,Condo/Co-op,2628 BENVENUE Ave,Berkeley,CA,94704,1380000,4,3.5,Elmwood,2800,,1910,152,493,438,Sold,,,http://www.redfin.com/CA/Berkeley/2628-Benvenue-Ave-94704/home/57180226,EBRD/CCAR/Bay East,40771795,N,Y,37.8624947,-122.2551329
PAST SALE,July-11-2017,Single Family Residential,2631 Webster St,Berkeley,CA,94705,1625000,3,2.0,Elmwood,2116,6150,1916,71,768,,Sold,,,http://www.redfin.com/CA/Berkeley/2631-Webster-St-94705/home/1169522,EBRD/CCAR/Bay East,40786378,N,Y,37.8562065,-122.2536687
PAST SALE,August-9-2017,Single Family Residential,3042 Halcyon Ct,Berkeley,CA,94705-1914,932000,2,1.0,Alta Bates,1771,4486,1937,42,526,,Sold,,,http://www.redfin.com/CA/Berkeley/3042-Halcyon-Ct-94705/home/1400526,EBRD/CCAR/Bay East,40785873,N,Y,37.8543644,-122.2613464
PAST SALE,July-31-2017,Multi-Family (2-4 Unit),2720 College Ave,Berkeley,CA,94705,1400000,4,4.0,Elmwood,3931,7400,1924,51,356,,Sold,,,http://www.redfin.com/CA/Berkeley/2720-College-Ave-94705/home/1591102,EBRD/CCAR/Bay East,40786147,N,Y,37.8609524,-122.253747
PAST SALE,September-8-2017,Condo/Co-op,2906 HILLEGASS Ave Unit C,Berkeley,CA,94705,490000,0,1.0,Elmwood,504,,1910,12,972,93,Sold,,,http://www.redfin.com/CA/Berkeley/2906-Hillegass-Ave-94705/unit-C/home/1963345,EBRD/CCAR/Bay East,40791786,N,Y,37.8578142,-122.256002
PAST SALE,,Single Family Residential,1331 Northside Ave,Berkeley,CA,94702,220000,2,1.0,,814,7976,1946,,270,,,,,http://www.redfin.com/CA/Berkeley/1331-Northside-Ave-94702/home/1144468,,,N,Y,37.879711,-122.289012
PAST SALE,April-19-2017,Single Family Residential,1326 Cornell Ave,Berkeley,CA,94702,1050000,2,1.0,Westbrae,888,3800,1922,154,1182,,Sold,,,http://www.redfin.com/CA/Berkeley/1326-Cornell-Ave-94702/home/1459089,EBRD/CCAR/Bay East,40771856,N,Y,37.879996,-122.293158
PAST SALE,,Multi-Family (2-4 Unit),1411 Northside Ave,Berkeley,CA,94702,1150000,4,3.0,,2872,5300,1965,,400,,,,,http://www.redfin.com/CA/Berkeley/1411-Northside-Ave-94702/home/712914,,,N,Y,37.8784995,-122.2895123
PAST SALE,June-2-2017,Single Family Residential,1225 Kains Ave,Berkeley,CA,94706,1290000,3,2.0,Westbrae,1455,5000,1932,110,887,,Sold,,,http://www.redfin.com/CA/Berkeley/1225-Kains-Ave-94706/home/686959,EBRD/CCAR/Bay East,40779653,N,Y,37.8815584,-122.29492
PAST SALE,July-6-2017,Single Family Residential,657 Colusa Ave,Berkeley,CA,94707,1100000,4,2.0,Thousand Oaks,2231,4000,1920,76,493,,Sold,,,http://www.redfin.com/CA/Berkeley/657-Colusa-Ave-94707/home/1745612,EBRD/CCAR/Bay East,40781832,N,Y,37.8955472,-122.2835911
PAST SALE,April-25-2017,Single Family Residential,1037 Ventura Ave,Albany,CA,94706,1200000,2,1.5,Albany,1577,4050,1941,148,761,,Sold,,,http://www.redfin.com/CA/Albany/1037-Ventura-Ave-94706/home/1644679,EBRD/CCAR/Bay East,40773285,N,Y,37.8854661,-122.2838459
PAST SALE,,Multi-Family (2-4 Unit),1310 Acton St,Berkeley,CA,94706,350000,8,4.0,,2623,6700,1944,,133,,,,,http://www.redfin.com/CA/Berkeley/1310-Acton-St-94706/home/1704735,,,N,Y,37.8819902,-122.2852463
PAST SALE,August-23-2017,Single Family Residential,1336 Ordway St,Berkeley,CA,94702,1308000,3,2.0,Westbrae,1642,4480,1940,28,797,,Sold,,,http://www.redfin.com/CA/Berkeley/1336-Ordway-St-94702/home/2041036,EBRD/CCAR/Bay East,40790029,N,Y,37.8794855,-122.2874102
PAST SALE,September-5-2017,Single Family Residential,1075 Stannage Ave,Albany,CA,94706,750000,1,1.0,Albany,893,2475,1926,15,840,,Sold,,,http://www.redfin.com/CA/Albany/1075-Stannage-Ave-94706/home/709797,EBRD/CCAR/Bay East,40788993,N,Y,37.8844413,-122.2949722
PAST SALE,September-7-2017,Single Family Residential,1132 Masonic Ave,Albany,CA,94706,1215000,4,4.0,Central Albany,1697,8000,1937,13,716,,Sold,,,http://www.redfin.com/CA/Albany/1132-Masonic-Ave-94706/home/1519139,EBRD/CCAR/Bay East,40789786,N,Y,37.8835228,-122.2916021
PAST SALE,September-8-2017,Single Family Residential,1111 Curtis St,Albany,CA,94706,1650000,5,4.0,Albany,2946,6000,1912,12,560,,Sold,,,http://www.redfin.com/CA/Albany/1111-Curtis-St-94706/home/2041117,EBRD/CCAR/Bay East,40789959,N,Y,37.8843266,-122.2886921
PAST SALE,April-18-2017,Single Family Residential,1767 Spruce St,Berkeley,CA,94709,338000,2,1.0,Northside,,23600,1927,155,,370,Sold,,,http://www.redfin.com/CA/Berkeley/1767-Spruce-St-94709/home/112342129,EBRD/CCAR/Bay East,40765525,N,Y,37.8758317,-122.2655026
PAST SALE,,Multi-Family (2-4 Unit),2321 Dwight Way,Berkeley,CA,94704,8735000,6,24.0,,15579,10800,1928,,561,,,,,http://www.redfin.com/CA/Berkeley/2321-Dwight-Way-94704/home/665189,,,N,Y,37.8649086,-122.262054
PAST SALE,July-14-2017,Single Family Residential,2218 Blake St,Berkeley,CA,94704,1350000,4,3.0,South Campus,2265,3375,1890,68,596,,Sold,,,http://www.redfin.com/CA/Berkeley/2218-Blake-St-94704/home/667558,EBRD/CCAR/Bay East,40784834,N,Y,37.8632849,-122.264034
PAST SALE,August-4-2017,Single Family Residential,2023 Prince St,Berkeley,CA,94703,977000,3,1.5,Berkeley,1141,2625,1905,47,856,,Sold,,,http://www.redfin.com/CA/Berkeley/2023-Prince-St-94703/home/633051,EBRD/CCAR/Bay East,40792260,N,Y,37.8531768,-122.2670679
PAST SALE,,Multi-Family (2-4 Unit),2208 Ward St,Berkeley,CA,94705,1035000,5,4.0,,3068,5749,1908,,337,,,,,http://www.redfin.com/CA/Berkeley/2208-Ward-St-94705/home/1365028,,,N,Y,37.8596675,-122.2636536
PAST SALE,,Multi-Family (2-4 Unit),2137 Prince St,Berkeley,CA,94705,1410000,,,,2114,4200,1907,,667,,,,,http://www.redfin.com/CA/Berkeley/2137-Prince-St-94705/home/712196,,,N,Y,37.8535105,-122.2644701
PAST SALE,September-12-2017,Multi-Family (2-4 Unit),2215 BLAKE St,Berkeley,CA,94704,1400000,6,3.5,Berkeley,3073,6750,1898,8,456,,Sold,,,http://www.redfin.com/CA/Berkeley/2215-Blake-St-94704/home/1988057,EBRD/CCAR/Bay East,40790801,N,Y,37.8637034,-122.2644007
PAST SALE,March-24-2017,Multi-Family (2-4 Unit),2403 Valley St,BERKELEY,CA,94702,1020000,4,,BERKELEY,2909,7940,1923,180,351,,Sold,,,http://www.redfin.com/CA/Berkeley/2403-Valley-St-94702/home/620919,MLSListings,ML81636343,N,Y,37.86348,-122.283835
PAST SALE,April-1-2017,Single Family Residential,2145 Grant St,Berkeley,CA,94703,1275000,3,2.0,Berkeley,1273,6500,1924,172,1002,,Sold,,,http://www.redfin.com/CA/Berkeley/2145-Grant-St-94703/home/674756,EBRD/CCAR/Bay East,40771095,N,Y,37.8689339,-122.2749105
PAST SALE,March-31-2017,Condo/Co-op,1658 California St #1,Berkeley,CA,94703,750000,2,1.0,North Berkeley,1300,,1913,173,577,,Sold,,,http://www.redfin.com/CA/Berkeley/1658-California-St-94703/unit-1/home/1857688,EBRD/CCAR/Bay East,40771771,N,Y,37.8753416,-122.280474
PAST SALE,April-24-2017,Single Family Residential,1311 Ward St,Berkeley,CA,94702,795000,3,2.0,San Pablo Park,,3500,1924,149,,,Sold,,,http://www.redfin.com/CA/Berkeley/1311-Ward-St-94702/home/663645,EBRD/CCAR/Bay East,40770003,N,Y,37.8576049,-122.2839813
PAST SALE,April-12-2017,Townhouse,1529 Hearst Ave,Berkeley,CA,94703,1320000,4,2.0,North Berkeley,1970,8977,1985,161,670,242,Sold,,,http://www.redfin.com/CA/Berkeley/1529-Hearst-Ave-94703/home/676746,EBRD/CCAR/Bay East,40773277,N,Y,37.872568,-122.280978
PAST SALE,May-10-2017,Condo/Co-op,1433 Addison St Unit 1/2,Berkeley,CA,94702,730000,2,1.0,Central Location,920,3917,1986,133,793,,Sold,,,http://www.redfin.com/CA/Berkeley/1433-Addison-St-94702/unit-1-2/home/113498854,EBRD/CCAR/Bay East,40774293,N,Y,37.869585,-122.282657
PAST SALE,May-1-2017,Single Family Residential,2825 Dohr St,Berkeley,CA,94702,885000,3,1.0,San Pablo Park,1084,3300,1953,142,816,,Sold,,,http://www.redfin.com/CA/Berkeley/2825-Dohr-St-94702/home/1258540,EBRD/CCAR/Bay East,40774620,N,Y,37.8548973,-122.2808081
PAST SALE,May-2-2017,Single Family Residential,1 Virginia Gdns,Berkeley,CA,94702,980000,2,1.0,N Berkeley,1172,4000,1939,141,836,,Sold,,,http://www.redfin.com/CA/Berkeley/1-Virginia-Gdns-94702/home/1893004,EBRD/CCAR/Bay East,40774856,N,Y,37.8744782,-122.2868723
PAST SALE,June-2-2017,Single Family Residential,2412 Acton St,Berkeley,CA,94702,1509000,3,2.0,Central Berkeley,1293,3880,1924,110,1167,,Sold,,,http://www.redfin.com/CA/Berkeley/2412-Acton-St-94702/home/1291695,EBRD/CCAR/Bay East,40777673,Y,Y,37.8633889,-122.283463
PAST SALE,May-15-2017,Single Family Residential,1620 Dwight Way,Berkeley,CA,94703,850000,2,2.0,Central Berkeley,1006,4810,1928,128,845,,Sold,,,http://www.redfin.com/CA/Berkeley/1620-Dwight-Way-94703/home/1406710,EBRD/CCAR/Bay East,40772603,N,Y,37.8624171,-122.2778595
PAST SALE,May-17-2017,Single Family Residential,1253 Hearst Ave,Berkeley,CA,94702,970000,2,1.0,North Berkeley,811,4257,1913,126,1196,,Sold,,,http://www.redfin.com/CA/Berkeley/1253-Hearst-Ave-94702/home/1460574,EBRD/CCAR/Bay East,40776097,N,Y,37.8712244,-122.2889172
PAST SALE,,Multi-Family (2-4 Unit),1729 Martin Luther King Junior Way,Berkeley,CA,94709,1015000,5,5.0,,2303,2542,1910,,441,,,,,http://www.redfin.com/CA/Berkeley/1729-Martin-Luther-King-Junior-Way-94709/home/712603,,,N,Y,37.8750088,-122.2731673
PAST SALE,April-25-2017,Single Family Residential,1704 Stuart St,Berkeley,CA,94703,1050000,3,2.0,Lorin,1442,4120,1924,148,728,,Sold,,,http://www.redfin.com/CA/Berkeley/1704-Stuart-St-94703/home/869027,EBRD/CCAR/Bay East,40774325,N,Y,37.8573052,-122.2750769
PAST SALE,May-25-2017,Single Family Residential,2873 Sacramento St,Berkeley,CA,94702,640000,2,1.0,Berkeley,920,2170,1927,118,696,,Sold,,,http://www.redfin.com/CA/Berkeley/2873-Sacramento-St-94702/home/657864,EBRD/CCAR/Bay East,40777476,N,Y,37.855474,-122.279184
PAST SALE,June-16-2017,Single Family Residential,1606 Curtis St,Berkeley,CA,94702,855000,1,1.0,Berkeley,,2800,1910,96,,,Sold,,,http://www.redfin.com/CA/Berkeley/1606-Curtis-St-94702/home/686270,EBRD/CCAR/Bay East,40780177,N,Y,37.8753191,-122.2906704
PAST SALE,June-27-2017,Single Family Residential,2315 West St,Berkeley,CA,94702,950000,2,1.0,Poets Corner,,4000,1942,85,,,Sold,,,http://www.redfin.com/CA/Berkeley/2315-West-St-94702/home/1714093,EBRD/CCAR/Bay East,40781909,N,Y,37.8648982,-122.2850317
PAST SALE,,Multi-Family (2-4 Unit),2929 Harper St,Berkeley,CA,94703,904500,4,2.0,,2024,4880,1921,,447,,,,,http://www.redfin.com/CA/Berkeley/2929-Harper-St-94703/home/1872821,,,N,Y,37.854813,-122.271918
PAST SALE,June-30-2017,Single Family Residential,2006 Parker St,Berkeley,CA,94704,1100000,5,3.0,South Berkeley,2204,3600,1905,82,499,,Sold,,,http://www.redfin.com/CA/Berkeley/2006-Parker-St-94704/home/1435049,EBRD/CCAR/Bay East,40777585,N,Y,37.861658,-122.269263
PAST SALE,,Vacant Land,1698 University Ave,Berkeley,CA,94703,5323000,,,,1982,10000,1975,,2686,,,,,http://www.redfin.com/CA/Berkeley/1698-University-Ave-94703/home/28555561,,,N,Y,37.870659,-122.277747
PAST SALE,July-5-2017,Condo/Co-op,2168 Jefferson Ave #48,Berkeley,CA,94703,350000,2,2.0,Berkeley,1063,164718,1994,77,329,375,Sold,,,http://www.redfin.com/CA/Berkeley/2168-Jefferson-Ave-94703/unit-48/home/1988125,EBRD/CCAR/Bay East,40780571,N,Y,37.868569,-122.279004
PAST SALE,August-3-2017,Single Family Residential,1600 Ward,Berkeley,CA,94703-2308,1440000,5,2.0,Berkeley,,2330,1923,48,,,Sold,,,http://www.redfin.com/CA/Berkeley/1600-Ward-St-94703/home/40256481,EBRD/CCAR/Bay East,40774414,N,Y,37.8579868,-122.2775917
PAST SALE,July-14-2017,Single Family Residential,1805 Allston Way,Berkeley,CA,94703-1707,1200000,3,2.0,Central Berkeley,1567,3400,1910,68,766,,Sold,,,http://www.redfin.com/CA/Berkeley/1805-Allston-Way-94703/home/1467046,EBRD/CCAR/Bay East,40783328,N,Y,37.868729,-122.27465
PAST SALE,July-11-2017,Multi-Family (2-4 Unit),2400 Martin Luther King Jr Way,Berkeley,CA,94704,1080000,4,2.0,Central Berkeley,1899,4700,1905,71,569,,Sold,,,http://www.redfin.com/CA/Berkeley/2400-Martin-Luther-King-Junior-Way-94704/home/668007,EBRD/CCAR/Bay East,40782716,N,Y,37.865009,-122.2725476
PAST SALE,,Single Family Residential,2420 Jefferson Ave,Berkeley,CA,94703,315500,2,1.0,,1202,4940,1926,,262,,,,,http://www.redfin.com/CA/Berkeley/2420-Jefferson-Ave-94703/home/1926883,,,N,Y,37.8637493,-122.2781331
PAST SALE,March-31-2017,Single Family Residential,2800 Martin Luther King Jr Way,Berkeley,CA,94703,925000,4,1.5,Berkeley,2366,5400,1906,173,391,,Sold,,,http://www.redfin.com/CA/Berkeley/2800-Martin-Luther-King-Junior-Way-94703/home/2000727,EBRD/CCAR/Bay East,40769534,N,Y,37.8578168,-122.2717438
PAST SALE,April-3-2017,Single Family Residential,2147 Mcgee Ave,Berkeley,CA,94703,650000,1,1.0,Central Berkeley,736,4563,1943,170,883,,Sold,,,http://www.redfin.com/CA/Berkeley/2147-McGee-Ave-94703/home/674672,EBRD/CCAR/Bay East,40772199,N,Y,37.868608,-122.2770047
PAST SALE,August-1-2017,Condo/Co-op,1844 Dwight Way,Berkeley,CA,94703,350000,1,1.0,Berkeley,620,5130,1944,50,565,100,Sold,,,http://www.redfin.com/CA/Berkeley/1844-Dwight-Way-94703/home/122610962,EBRD/CCAR/Bay East,40785422,N,Y,37.863262,-122.2728665
PAST SALE,July-20-2017,Multi-Family (2-4 Unit),1275 Hearst Ave,Berkeley,CA,94702,965000,4,2.0,Berkeley,1700,7325,1924,62,568,,Sold,,,http://www.redfin.com/CA/Berkeley/1275-Hearst-Ave-94702/home/677267,EBRD/CCAR/Bay East,40783288,N,Y,37.8714673,-122.2875128
PAST SALE,July-25-2017,Single Family Residential,1710 Russell St,Berkeley,CA,94703-2120,858000,2,1.0,Berkeley Bowl,824,2010,1905,57,1041,,Sold,,,http://www.redfin.com/CA/Berkeley/1710-Russell-St-94703/home/657213,EBRD/CCAR/Bay East,40785428,N,Y,37.8556119,-122.2738347
PAST SALE,August-21-2017,Single Family Residential,1211 Ward,Berkeley,CA,94702,797000,3,2.0,South Berkeley,1185,3500,1922,30,673,,Sold,,,http://www.redfin.com/CA/Berkeley/1211-Ward-St-94702/home/1938267,EBRD/CCAR/Bay East,40787858,N,Y,37.8573586,-122.2857778
PAST SALE,August-22-2017,Single Family Residential,1461 Virginia St,Berkeley,CA,94702,1325000,4,1.5,N Berkeley,1604,3600,1929,29,826,,Sold,,,http://www.redfin.com/CA/Berkeley/1461-Virginia-St-94702/home/1578596,EBRD/CCAR/Bay East,40789742,Y,Y,37.8749427,-122.2835184
PAST SALE,August-21-2017,Single Family Residential,2904 Harper St,Berkeley,CA,94703,1125000,4,2.0,Berkeley Bowl,1703,4880,1914,30,661,,Sold,,,http://www.redfin.com/CA/Berkeley/2904-Harper-St-94703/home/1817984,EBRD/CCAR/Bay East,40788841,Y,Y,37.8557029,-122.2725611
PAST SALE,August-25-2017,Single Family Residential,1538 Stuart St,Berkeley,CA,94703,663000,2,1.0,Central Berkeley,1003,5400,1921,26,661,,Sold,,,http://www.redfin.com/CA/Berkeley/1538-Stuart-St-94703/home/1497925,EBRD/CCAR/Bay East,40787125,N,Y,37.8569289,-122.2781471
PAST SALE,,Single Family Residential,1635 Curtis St,Berkeley,CA,94702,825000,3,1.0,,981,3000,1933,,841,,,,,http://www.redfin.com/CA/Berkeley/1635-Curtis-St-94702/home/1291964,,,N,Y,37.87445,-122.2899841
PAST SALE,September-1-2017,Single Family Residential,1330 Carleton St,Berkeley,CA,94702,920000,2,1.5,Lorin,1080,5320,1924,19,852,,Sold,,,http://www.redfin.com/CA/Berkeley/1330-Carleton-St-94702/home/1672691,EBRD/CCAR/Bay East,40790996,N,Y,37.85902,-122.2834929
PAST SALE,September-11-2017,Multi-Family (2-4 Unit),1337 Hearst Ave,Berkeley,CA,94702,533500,2,2.0,Berkeley,1388,3300,1923,9,384,,Sold,,,http://www.redfin.com/CA/Berkeley/1337-Hearst-Ave-94702/home/2000843,EBRD/CCAR/Bay East,40787980,N,Y,37.871584,-122.28626
PAST SALE,,Single Family Residential,1402 Carleton St,Berkeley,CA,94702,665000,3,1.0,,1044,3432,1921,,637,,,,,http://www.redfin.com/CA/Berkeley/1402-Carleton-St-94702/home/661868,,,N,Y,37.8592169,-122.2819424
PAST SALE,August-18-2017,Single Family Residential,1307 Blake St,Berkeley,CA,94702,930000,2,1.0,South Berkeley,1062,3500,1922,33,876,,Sold,,,http://www.redfin.com/CA/Berkeley/1307-Blake-St-94702/home/661118,EBRD/CCAR/Bay East,40787877,N,Y,37.86099,-122.2849129
PAST SALE,May-12-2017,Condo/Co-op,321 63RD St Unit B,Oakland,CA,94618,815000,1,1.0,Rockridge,,,1944,131,,250,Sold,,,http://www.redfin.com/CA/Oakland/321-63rd-St-94618/unit-B/home/113752300,EBRD/CCAR/Bay East,40777952,N,Y,37.850245,-122.2530011
PAST SALE,,Single Family Residential,28 Armanino Ct,Oakland,CA,94618,569500,2,1.0,,1116,3400,1922,,510,,,,,http://www.redfin.com/CA/Oakland/28-Armanino-Ct-94618/home/1808419,,,N,Y,37.8492083,-122.2515445
PAST SALE,March-31-2017,Single Family Residential,1240 Carrison St,BERKELEY,CA,94702,735000,2,1.0,BERKELEY,1032,4356,1908,173,712,,Sold,,,http://www.redfin.com/CA/Berkeley/1240-Carrison-St-94702/home/2030273,MLSListings,ML81640653,N,Y,37.851479,-122.284412
PAST SALE,,Single Family Residential,1631 Woolsey St,Berkeley,CA,94703,1100000,3,2.0,,2594,5940,1919,,424,,,,,http://www.redfin.com/CA/Berkeley/1631-Woolsey-St-94703/home/1143583,,,N,Y,37.8512968,-122.2748658
PAST SALE,May-3-2017,Multi-Family (2-4 Unit),1305 66th St,Berkeley,CA,94702,745000,4,3.0,Berkeley,2057,3500,1914,140,362,,Sold,,,http://www.redfin.com/CA/Berkeley/1305-66th-St-94702/home/1120041,EBRD/CCAR/Bay East,40772790,N,Y,37.8497081,-122.2824779
PAST SALE,,Multi-Family (2-4 Unit),1643 Prince St,Berkeley,CA,94703,1700000,,8.0,,4012,7846,1960,,424,,,,,http://www.redfin.com/CA/Berkeley/1643-Prince-St-94703/home/657562,,,N,Y,37.8522203,-122.2746592
PAST SALE,,Single Family Residential,650 66th St,Oakland,CA,94609,425000,2,1.0,,1208,3570,1910,,352,,,,,http://www.redfin.com/CA/Oakland/650-66th-St-94609/home/2025534,,,N,Y,37.8519621,-122.2645516
PAST SALE,May-12-2017,Single Family Residential,649 65Th St,Oakland,CA,94609,1430000,3,2.0,N.Oakland,1758,4800,1918,131,813,,Sold,,,http://www.redfin.com/CA/Oakland/649-65th-St-94609/home/531631,EBRD/CCAR/Bay East,40775107,Y,Y,37.8503111,-122.2642748
PAST SALE,June-21-2017,Condo/Co-op,186 City Limits Cir,Oakland,CA,94608,665000,2,1.5,Nobe,1033,,2005,91,644,246,Sold,,,http://www.redfin.com/CA/Oakland/186-City-Limits-Cir-94608/home/2111930,EBRD/CCAR/Bay East,40783595,N,Y,37.848958,-122.287791
PAST SALE,June-30-2017,Condo/Co-op,1329 66th Unit A,Berkeley,CA,94702,805000,2,2.0,Berkeley,980,4914,1926,82,821,95,Sold,,,http://www.redfin.com/CA/Berkeley/1329-66th-St-94702/unit-A/home/115705464,EBRD/CCAR/Bay East,40784480,N,Y,37.8499474,-122.2813788
PAST SALE,,Multi-Family (2-4 Unit),6140 Market St,Oakland,CA,94608,875000,7,6.0,,4274,5794,1954,,205,,,,,http://www.redfin.com/CA/Oakland/6140-Market-St-94608/home/1910378,,,N,Y,37.8460315,-122.2762469
PAST SALE,June-12-2017,Single Family Residential,580 66Th St,Oakland,CA,94609,1300000,3,2.5,Berkeley Border,1463,,2008,100,889,175,Sold,,,http://www.redfin.com/CA/Oakland/580-66th-St-94609/home/1288876,EBRD/CCAR/Bay East,40780813,Y,Y,37.852018,-122.262881
PAST SALE,July-14-2017,Condo/Co-op,1329 66th St Unit B,Berkeley,CA,94702,765000,2,2.0,Berkeley,845,4914,1926,68,905,95,Sold,,,http://www.redfin.com/CA/Berkeley/1329-66th-St-94702/unit-B/home/142501045,EBRD/CCAR/Bay East,40789450,N,Y,37.8499474,-122.2813788
PAST SALE,,Multi-Family (2-4 Unit),6521 San Pablo Ave,Oakland,CA,94608,5510000,21,22.0,,17439,6133,2010,,316,,,,,http://www.redfin.com/CA/Oakland/6521-San-Pablo-Ave-94608/home/22691195,,,N,Y,37.848402,-122.2858409
PAST SALE,July-3-2017,Single Family Residential,654 Fairview St,Oakland,CA,94609,850000,2,1.0,Oak/Berk Border,911,2520,1906,79,933,,Sold,,,http://www.redfin.com/CA/Oakland/654-Fairview-St-94609/home/1936326,EBRD/CCAR/Bay East,40784449,N,Y,37.8513153,-122.2644437
PAST SALE,July-6-2017,Single Family Residential,6319 Herzog St,Oakland,CA,94608,502000,1,1.0,Oakland,598,1360,1925,76,839,,Sold,,,http://www.redfin.com/CA/Oakland/6319-Herzog-St-94608/home/1095800,EBRD/CCAR/Bay East,40772029,N,Y,37.8468386,-122.2832189
PAST SALE,,Single Family Residential,6426 Herzog St,Oakland,CA,94608,1020000,3,2.0,,1852,4000,1908,,551,,,,,http://www.redfin.com/CA/Oakland/6426-Herzog-St-94608/home/1040348,,,N,Y,37.8477039,-122.283012
PAST SALE,,Single Family Residential,1064 67th St,Oakland,CA,94608,675000,2,1.0,,909,4000,1910,,743,,,,,http://www.redfin.com/CA/Oakland/1064-67th-St-94608/home/1670512,,,N,Y,37.8502978,-122.2841131
PAST SALE,August-22-2017,Single Family Residential,3116 Ellis St,Berkeley,CA,94703,588000,1,1.0,Berkeley,560,,1905,29,1050,133,Sold,,,http://www.redfin.com/CA/Berkeley/3116-Ellis-St-94703/home/17188080,EBRD/CCAR/Bay East,40788918,N,Y,37.8515548,-122.2731768
PAST SALE,August-22-2017,Condo/Co-op,3116 Ellis St Unit C,Berkeley,CA,94703,588000,1,1.0,Berkeley,560,,1905,29,1050,133,Sold,,,http://www.redfin.com/CA/Berkeley/3116-Ellis-St-94703/unit-C/home/12118537,EBRD/CCAR/Bay East,40788919,N,Y,37.8515548,-122.2731768
PAST SALE,August-23-2017,Single Family Residential,6538 Tremont St,Oakland,CA,94609,1140000,3,1.5,Oak/Berk Border,1265,4000,1910,28,901,,Sold,,,http://www.redfin.com/CA/Oakland/6538-Tremont-St-94609/home/1680277,EBRD/CCAR/Bay East,40789388,Y,Y,37.8509825,-122.2675078
PAST SALE,August-23-2017,Multi-Family (2-4 Unit),787 65th St,Oakland,CA,94609,1720787,4,3.0,N Oakland,2415,4800,1913,28,713,,Sold,,,http://www.redfin.com/CA/Oakland/787-65th-St-94609/home/142965964,EBRD/CCAR/Bay East,40790396,N,Y,37.8497974,-122.268181
PAST SALE,April-28-2017,Single Family Residential,1317 67th St,Berkeley,CA,94702,875000,4,3.0,Berkeley,1945,4410,1925,145,450,,Sold,,,http://www.redfin.com/CA/Berkeley/1317-67th-St-94702/home/1191000,EBRD/CCAR/Bay East,40760592,N,Y,37.8505828,-122.2821111
PAST SALE,August-28-2017,Single Family Residential,,Berkeley,CA,94703,1070000,3,2.0,Berkeley,1446,5130,1912,23,740,,Sold,,,http://www.redfin.com/CA/Berkeley/Undisclosed-address-94703/home/1905543,EBRD/CCAR/Bay East,40790645,N,Y,37.84643,-122.2734439
PAST SALE,August-31-2017,Single Family Residential,1064 Alcatraz Ave,Oakland,CA,94608,1160000,3,2.0,Golden Gate,1377,4200,1910,20,842,,Sold,,,http://www.redfin.com/CA/Oakland/1064-Alcatraz-Ave-94608/home/1030241,EBRD/CCAR/Bay East,40792662,Y,Y,37.847443,-122.2827209
PAST SALE,September-6-2017,Condo/Co-op,527 66Th St,Oakland,CA,94609,800000,1,1.0,N Oakland,1100,,1923,14,727,225,Sold,,,http://www.redfin.com/CA/Oakland/527-66th-St-94609/home/1038599,EBRD/CCAR/Bay East,40792316,N,Y,37.8517402,-122.2610561
PAST SALE,March-24-2017,Single Family Residential,255 Grizzly Peak Blvd,Kensington,CA,94708,1300000,3,2.0,Berkeley Woods,1519,7820,1951,180,856,,Sold,,,http://www.redfin.com/CA/Kensington/255-Grizzly-Peak-Blvd-94708/home/1402183,EBRD/CCAR/Bay East,40771842,N,Y,37.9087798,-122.2706115
PAST SALE,June-2-2017,Single Family Residential,256 Purdue Ave,Kensington,CA,94708-1137,750000,2,1.0,Kensington,1149,4000,1940,110,653,,Sold,,,http://www.redfin.com/CA/Kensington/256-Purdue-Ave-94708/home/1873150,EBRD/CCAR/Bay East,40778217,N,Y,37.9078711,-122.2726386
PAST SALE,June-30-2017,Single Family Residential,344 Coventry Rd,Kensington,CA,94707,1600000,3,3.0,Lower Kensington,2151,4784,1928,82,744,,Sold,,,http://www.redfin.com/CA/Kensington/344-Coventry-Rd-94707/home/946537,EBRD/CCAR/Bay East,40782720,N,Y,37.9005623,-122.2869828
PAST SALE,July-26-2017,Single Family Residential,80 Ardmore Rd,Kensington,CA,94707,1018000,2,1.5,Kensington Park,1198,2650,1929,56,850,,Sold,,,http://www.redfin.com/CA/Kensington/80-Ardmore-Rd-94707/home/1860594,EBRD/CCAR/Bay East,40785433,N,Y,37.9054361,-122.2809174
PAST SALE,July-31-2017,Single Family Residential,257 Colgate Ave,Kensington,CA,94708,850000,2,1.0,Upper Kensington,1035,4000,1938,51,821,,Sold,,,http://www.redfin.com/CA/Kensington/257-Colgate-Ave-94708/home/1313634,EBRD/CCAR/Bay East,40786364,N,Y,37.9078809,-122.2730866
PAST SALE,August-30-2017,Single Family Residential,291 Lake Dr,Kensington,CA,94708,1355000,3,2.0,Upper Kensington,1808,5500,1945,21,749,,Sold,,,http://www.redfin.com/CA/Kensington/291-Lake-Dr-94708/home/1672844,EBRD/CCAR/Bay East,40790676,N,Y,37.9074539,-122.270874
PAST SALE,April-14-2017,Vacant Land,114 Evergreen,Oakland,CA,94705,260000,,,Oakland,,6767,,159,,,Sold,,,http://www.redfin.com/CA/OAKLAND/114-EVERGREEN-LN-94603/home/22690362,EBRD/CCAR/Bay East,40749757,N,Y,37.860607,-122.238845
PAST SALE,April-21-2017,Single Family Residential,220 Stonewall Rd,Berkeley,CA,94705,1230000,3,3.0,Berkeley,1969,9620,1928,152,625,,Sold,,,http://www.redfin.com/CA/Berkeley/220-Stonewall-Rd-94705/home/911619,EBRD/CCAR/Bay East,40773805,N,Y,37.8614932,-122.2415816
PAST SALE,July-18-2017,Single Family Residential,2932 Pine Ave,Berkeley,CA,94705,1550000,2,2.0,Elmwood,1322,3600,1906,64,1172,,Sold,,,http://www.redfin.com/CA/Berkeley/2932-Pine-Ave-94705/home/655148,EBRD/CCAR/Bay East,40786375,N,Y,37.8574298,-122.2485381
PAST SALE,July-31-2017,Single Family Residential,2818 Webster St,Berkeley,CA,94705,2700000,4,3.0,Elmwood,2542,4860,1930,51,1062,,Sold,,,http://www.redfin.com/CA/Berkeley/2818-Webster-St-94705/home/1713778,EBRD/CCAR/Bay East,40788282,N,Y,37.8557644,-122.2494385
PAST SALE,August-11-2017,Single Family Residential,1438 Grizzly Peak Blvd,Berkeley,CA,94708,1244000,3,2.0,Berkeley Hills,1902,6674,1952,40,654,,Sold,,,http://www.redfin.com/CA/Berkeley/1438-Grizzly-Peak-Blvd-94708/home/838592,EBRD/CCAR/Bay East,40788967,N,Y,37.8840608,-122.2483744
PAST SALE,,Single Family Residential,1376 Grizzly Peak Blvd,Berkeley,CA,94708,634000,3,2.0,,1728,7020,1955,,367,,,,,http://www.redfin.com/CA/Berkeley/1376-Grizzly-Peak-Blvd-94708/home/1485291,,,N,Y,37.8854625,-122.2490292
PAST SALE,August-18-2017,Single Family Residential,803 Alvarado Rd,Berkeley,CA,94705,2200000,4,3.5,Claremont Hills,3255,6900,1990,33,676,,Sold,,,http://www.redfin.com/CA/Berkeley/803-Alvarado-Rd-94705/home/630378,EBRD/CCAR/Bay East,40791824,N,Y,37.8604942,-122.2379757
PAST SALE,March-30-2017,Single Family Residential,89 KINGSTON Rd,Kensington,CA,94707,1450000,3,3.0,Upper Kensington,1919,8750,1949,174,756,,Sold,,,http://www.redfin.com/CA/Kensington/89-Kingston-Rd-94707/home/1791849,EBRD/CCAR/Bay East,40770336,N,Y,37.9058862,-122.2843167
PAST SALE,March-29-2017,Single Family Residential,1613 Sonoma Ave,Albany,CA,94707,2450000,4,2.5,Albany,2355,5760,1917,175,1040,,Sold,,,http://www.redfin.com/CA/Albany/1613-Sonoma-Ave-94707/home/708340,EBRD/CCAR/Bay East,40771802,N,Y,37.8872129,-122.2833472
PAST SALE,March-31-2017,Single Family Residential,1685 Tacoma Ave,Berkeley,CA,94707,880000,2,1.0,Solano Ave,1087,3159,1925,173,810,,Sold,,,http://www.redfin.com/CA/Berkeley/1685-Tacoma-Ave-94707/home/1166619,EBRD/CCAR/Bay East,40766226,N,Y,37.8921559,-122.2828922
PAST SALE,April-11-2017,Single Family Residential,904 Santa Fe,Albany,CA,94706,1817000,3,3.0,Solano Ave Dist,2220,4180,1925,162,818,,Sold,,,http://www.redfin.com/CA/Albany/904-Santa-Fe-Ave-94706/home/838863,EBRD/CCAR/Bay East,40772608,N,Y,37.8904451,-122.2889714
PAST SALE,April-18-2017,Single Family Residential,1642 Tacoma Ave,Berkeley,CA,94707,1025000,3,2.0,Thousand Oaks,1416,3600,1922,155,724,,Sold,,,http://www.redfin.com/CA/Berkeley/1642-Tacoma-Ave-94707/home/1883271,EBRD/CCAR/Bay East,40773008,Y,Y,37.8914762,-122.2834743
PAST SALE,April-28-2017,Single Family Residential,1120 Cragmont Ave,Berkeley,CA,94708,1900000,5,4.5,Cragmont,3671,11906,2007,145,518,,Sold,,,http://www.redfin.com/CA/Berkeley/1120-Cragmont-Ave-94708/home/17187955,EBRD/CCAR/Bay East,40779249,N,Y,37.889563,-122.2601768
PAST SALE,April-28-2017,Single Family Residential,1643 Walnut St,Berkeley,CA,94709,1960000,4,3.0,Gourmet Ghetto,2405,4400,1923,145,815,,Sold,,,http://www.redfin.com/CA/Berkeley/1643-Walnut-St-94709/home/682443,EBRD/CCAR/Bay East,40774636,N,Y,37.8770497,-122.2675308
PAST SALE,June-2-2017,Single Family Residential,1862 Tacoma Ave,Berkeley,CA,94707,1447000,2,1.5,Thousand Oaks,1272,4000,1919,110,1138,,Sold,,,http://www.redfin.com/CA/Berkeley/1862-Tacoma-Ave-94707/home/1993896,EBRD/CCAR/Bay East,40780686,Y,Y,37.8940046,-122.2784815
PAST SALE,May-2-2017,Single Family Residential,35 Tamalpais Rd,Berkeley,CA,94708,2500000,4,4.5,N Berkeley,3682,13631,1928,141,679,,Sold,,,http://www.redfin.com/CA/Berkeley/35-Tamalpais-Rd-94708/home/983218,EBRD/CCAR/Bay East,40769526,N,Y,37.8842271,-122.2593623
PAST SALE,May-5-2017,Single Family Residential,825 San Luis Rd,Berkeley,CA,94707,1184736,2,2.0,Berkeley,1602,5148,1924,138,740,,Sold,,,http://www.redfin.com/CA/Berkeley/825-San-Luis-Rd-94707/home/595023,EBRD/CCAR/Bay East,40774243,N,Y,37.8941554,-122.2703568
PAST SALE,May-4-2017,Single Family Residential,1065 STERLING Ave,Berkeley,CA,94708,1900000,4,3.5,North Berkeley,4018,7550,1991,139,473,,Sold,,,http://www.redfin.com/CA/Berkeley/1065-Sterling-Ave-94708/home/1252902,EBRD/CCAR/Bay East,40773803,N,Y,37.8914522,-122.2587781
PAST SALE,June-6-2017,Single Family Residential,2026 Los Angeles Ave,Berkeley,CA,94707,1410888,2,2.0,N. Berkeley,1681,5418,1963,106,839,,Sold,,,http://www.redfin.com/CA/Berkeley/2026-Los-Angeles-Ave-94707/home/698356,EBRD/CCAR/Bay East,40778704,Y,Y,37.8899083,-122.2706512
PAST SALE,May-11-2017,Single Family Residential,612 Euclid Ave,Berkeley,CA,94708,1972000,4,4.0,N Berkeley,2882,7488,1933,132,684,,Sold,,,http://www.redfin.com/CA/Berkeley/612-Euclid-Ave-94708/home/702443,EBRD/CCAR/Bay East,40772583,N,Y,37.9005074,-122.2677096
PAST SALE,May-16-2017,Condo/Co-op,1401 Walnut Unit 1A,Berkeley,CA,94709-1472,950000,2,2.0,Gourmet Ghetto,1658,,1960,127,573,700,Sold,,,http://www.redfin.com/CA/Berkeley/1401-Walnut-St-94709/unit-1A/home/1098885,EBRD/CCAR/Bay East,40774972,N,Y,37.8820091,-122.2680495
PAST SALE,May-19-2017,Single Family Residential,1001 EUCLID Ave,Berkeley,CA,94708,925000,3,2.0,North Berkeley,1308,5850,1956,124,707,,Sold,,,http://www.redfin.com/CA/Berkeley/1001-Euclid-Ave-94708/home/538374,EBRD/CCAR/Bay East,40776997,Y,Y,37.8919746,-122.2646298
PAST SALE,June-16-2017,Single Family Residential,1517 EUCLID Ave,Berkeley,CA,94708,975000,3,2.0,N Berkeley,1365,2250,1928,96,714,,Sold,,,http://www.redfin.com/CA/Berkeley/1517-Euclid-Ave-94708/home/1270387,EBRD/CCAR/Bay East,40785919,N,Y,37.880954,-122.261205
PAST SALE,June-23-2017,Single Family Residential,366 Ocean View Ave,Kensington,CA,94707,1102000,4,2.0,Colusa Circle,2453,4200,1929,89,449,,Sold,,,http://www.redfin.com/CA/Kensington/366-Ocean-View-Ave-94707/home/1963299,EBRD/CCAR/Bay East,40781808,N,Y,37.9013952,-122.2854344
PAST SALE,June-21-2017,Single Family Residential,635 Santa Barbara Rd,Berkeley,CA,94707,1075000,4,2.0,Berkeley Hills,2690,5890,1926,91,400,,Sold,,,http://www.redfin.com/CA/Berkeley/635-Santa-Barbara-Rd-94707/home/700747,EBRD/CCAR/Bay East,40782661,N,Y,37.8992689,-122.272902
PAST SALE,,Single Family Residential,702 San Luis Rd,Berkeley,CA,94707,2800000,4,4.0,,3928,20445,1936,,713,,,,,http://www.redfin.com/CA/Berkeley/702-San-Luis-Rd-94707/home/2014597,,,N,Y,37.8969781,-122.2727281
PAST SALE,June-21-2017,Single Family Residential,935 Grizzly Peak Blvd,Berkeley,CA,94708,1350000,4,2.5,North Cragmont,2400,5850,1961,91,563,,Sold,,,http://www.redfin.com/CA/Berkeley/935-Grizzly-Peak-Blvd-94708/home/1912019,EBRD/CCAR/Bay East,40779746,N,Y,37.896277,-122.260178
PAST SALE,July-7-2017,Single Family Residential,93 Kingston Rd,Kensington,CA,94707,950000,3,1.0,Kensington Park,1715,9250,1949,75,554,,Sold,,,http://www.redfin.com/CA/Kensington/93-Kingston-Rd-94707/home/986324,EBRD/CCAR/Bay East,40783892,N,Y,37.9058378,-122.2844467
PAST SALE,July-7-2017,Single Family Residential,85 Stratford Rd,Kensington,CA,94707,740000,2,1.0,Kensington Park,952,3038,1938,75,777,,Sold,,,http://www.redfin.com/CA/Kensington/85-Stratford-Rd-94707/home/799734,EBRD/CCAR/Bay East,40784169,N,Y,37.9030538,-122.2821148
PAST SALE,June-27-2017,Single Family Residential,1306 Dartmouth St,Albany,CA,94706,975000,2,1.0,Albany,1274,3660,1937,85,765,,Sold,,,http://www.redfin.com/CA/Albany/1306-Dartmouth-St-94706/home/1436088,EBRD/CCAR/Bay East,40783681,N,Y,37.8850235,-122.2904491
PAST SALE,July-7-2017,Single Family Residential,955 Ventura Ave,Albany,CA,94707,1500000,3,2.0,Upper Albany,1647,5355,1913,75,911,,Sold,,,http://www.redfin.com/CA/Albany/955-Ventura-Ave-94707/home/1004607,EBRD/CCAR/Bay East,40785874,N,Y,37.8884873,-122.2823551
PAST SALE,July-7-2017,Single Family Residential,2635 Marin Ave,Berkeley,CA,94708,1115000,3,2.0,Berkeley Hills,1802,5160,1951,75,619,,Sold,,,http://www.redfin.com/CA/Berkeley/2635-Marin-Ave-94708/home/1344111,EBRD/CCAR/Bay East,40784287,N,Y,37.8968665,-122.2623478
PAST SALE,July-12-2017,Multi-Family (2-4 Unit),1634 La Loma Ave,Berkeley,CA,94709,1500000,4,2.0,North Berkeley,1956,5300,1951,70,767,,Sold,,,http://www.redfin.com/CA/Berkeley/1634-La-Loma-Ave-94709/home/1882264,EBRD/CCAR/Bay East,40784959,N,Y,37.8793375,-122.2578643
PAST SALE,July-14-2017,Single Family Residential,703 Curtis St,Albany,CA,94706,1160000,4,1.0,Memorial Park,1356,3100,1926,68,855,,Sold,,,http://www.redfin.com/CA/Albany/703-Curtis-St-94706/home/720233,EBRD/CCAR/Bay East,40783432,N,Y,37.894306,-122.287076
PAST SALE,April-10-2017,Multi-Family (2-4 Unit),2501 Hilgard Ave,Berkeley,CA,94709,2220000,4,4.0,North Campus,5141,4640,1927,163,432,,Sold,,,http://www.redfin.com/CA/Berkeley/2501-Hilgard-Ave-94709/home/683690,EBRD/CCAR/Bay East,40773272,N,Y,37.8788073,-122.2606512
PAST SALE,March-30-2017,Multi-Family (2-4 Unit),1311 Hopkins St,BERKELEY,CA,94702,1100000,6,,BERKELEY,2508,6340,1940,174,439,,Sold,,,http://www.redfin.com/CA/Berkeley/1311-Hopkins-St-94702/home/687276,MLSListings,ML81636151,N,Y,37.8787112,-122.2882582
PAST SALE,July-10-2017,Single Family Residential,930 Euclid,Berkeley,CA,94708,1080000,3,2.0,N Berkeley,2340,12580,1951,72,462,,Sold,,,http://www.redfin.com/CA/Berkeley/930-Euclid-Ave-94708/home/705808,EBRD/CCAR/Bay East,40785811,N,Y,37.8939857,-122.2640901
PAST SALE,July-14-2017,Single Family Residential,992 SANTA BARBARA Rd,Berkeley,CA,94707,1375000,3,2.0,North Cragmont,1170,5070,1927,68,1175,,Sold,,,http://www.redfin.com/CA/Berkeley/992-Santa-Barbara-Rd-94707/home/705927,EBRD/CCAR/Bay East,40785440,N,Y,37.8909695,-122.2661368
PAST SALE,July-25-2017,Single Family Residential,2022 Los Angeles Ave,Berkeley,CA,94707,1210000,2,2.0,North Berkeley,1416,5130,1920,57,855,,Sold,,,http://www.redfin.com/CA/Berkeley/2022-Los-Angeles-Ave-94707/home/1915882,EBRD/CCAR/Bay East,40784420,N,Y,37.8898764,-122.270855
PAST SALE,August-23-2017,Single Family Residential,1454 ORDWAY St,Berkeley,CA,94702,1600000,3,2.0,Berkeley,2055,3920,1931,28,779,,Sold,,,http://www.redfin.com/CA/Berkeley/1454-Ordway-St-94702/home/2000893,EBRD/CCAR/Bay East,40790220,N,Y,37.8779419,-122.287361
PAST SALE,July-28-2017,Single Family Residential,1245 Glen Ave,Berkeley,CA,94708,2150000,4,4.0,Gourmet Ghetto,,16920,1952,54,,,Sold,,,http://www.redfin.com/CA/Berkeley/1245-Glen-Ave-94708/home/691712,EBRD/CCAR/Bay East,40785383,N,Y,37.8848536,-122.263581
PAST SALE,July-24-2017,Single Family Residential,1615 Beverly Pl,Berkeley,CA,94707,1333000,2,2.5,Peralta Park,1268,3900,1928,58,1051,,Sold,,,http://www.redfin.com/CA/Berkeley/1615-Beverly-Pl-94707/home/1822997,EBRD/CCAR/Bay East,40787510,N,Y,37.8855363,-122.2796699
PAST SALE,August-21-2017,Condo/Co-op,2 Panoramic Way #103,Berkeley,CA,94704,600000,2,1.0,University Cmpus,715,8093,1967,30,839,463,Sold,,,http://www.redfin.com/CA/Berkeley/2-Panoramic-Way-94704/unit-103/home/1245184,EBRD/CCAR/Bay East,40787532,N,Y,37.8691714,-122.2498756
PAST SALE,July-25-2017,Condo/Co-op,2463 Hilgard Ave,Berkeley,CA,94709,935000,2,1.5,North Berkeley,1218,6000,1924,57,768,158,Sold,,,http://www.redfin.com/CA/Berkeley/2463-Hilgard-Ave-94709/home/1673057,EBRD/CCAR/Bay East,40786034,N,Y,37.8787292,-122.2616237
PAST SALE,August-29-2017,Single Family Residential,1379 Cedar St,Berkeley,CA,94702,970000,2,1.0,North Berkeley,1040,2116,1943,22,933,,Sold,,,http://www.redfin.com/CA/Berkeley/1379-Cedar-St-94702/home/815772,EBRD/CCAR/Bay East,40788329,N,Y,37.8765072,-122.2853898
PAST SALE,September-1-2017,Single Family Residential,1260 Virginia St,Berkeley,CA,94702,925000,3,1.0,North Berkeley,1912,5400,1924,19,484,,Sold,,,http://www.redfin.com/CA/Berkeley/1260-Virginia-St-94702/home/675303,EBRD/CCAR/Bay East,40791251,N,Y,37.8738586,-122.2889607
PAST SALE,August-2-2017,Single Family Residential,580 Wildcat Canyon Rd,Berkeley,CA,94708,1179000,3,3.0,Berkeley Hills,2062,13153,1977,49,572,,Sold,,,http://www.redfin.com/CA/Berkeley/580-Wildcat-Canyon-Rd-94708/home/2006660,EBRD/CCAR/Bay East,40784957,N,Y,37.9035038,-122.2646652
PAST SALE,September-8-2017,Condo/Co-op,75 Panoramic Way,Berkeley,CA,94704,750000,2,1.0,Berkeley/Albany,1174,,,12,639,528,Sold,,,http://www.redfin.com/CA/Berkeley/75-Panoramic-Way-94704/home/12351044,San Francisco MLS,459366,N,Y,37.8689857,-122.2490248
PAST SALE,September-8-2017,Single Family Residential,1701 Hopkins St,Berkeley,CA,94707,980500,2,1.0,Northbrae,1084,,1920,12,905,,Sold,,,http://www.redfin.com/CA/Berkeley/1701-Hopkins-St-94707/home/1144537,EBRD/CCAR/Bay East,40791823,N,Y,37.8832691,-122.2793066
PAST SALE,August-11-2017,Single Family Residential,807 San Luis Rd,Berkeley,CA,94707,1580000,4,2.0,Indian Rock Area,2155,5820,1923,40,733,,Sold,,,http://www.redfin.com/CA/Berkeley/807-San-Luis-Rd-94707/home/1435745,EBRD/CCAR/Bay East,40782965,N,Y,37.8947446,-122.270889
PAST SALE,August-29-2017,Single Family Residential,290 Colgate Ave,Kensington,CA,94708,1025000,2,1.0,Upper Kensington,1214,4000,1939,22,844,,Sold,,,http://www.redfin.com/CA/Kensington/290-Colgate-Ave-94708/home/1347744,EBRD/CCAR/Bay East,40789971,N,Y,37.9068618,-122.2730221
PAST SALE,,Single Family Residential,258 Lake Dr,Kensington,CA,94708,1250000,2,2.0,,2537,5500,1946,,493,,,,,http://www.redfin.com/CA/Kensington/258-Lake-Dr-94708/home/1908896,,,N,Y,37.9085249,-122.2720546
PAST SALE,September-11-2017,Single Family Residential,1245 Cedar St,Berkeley,CA,94702,1225000,3,2.0,N Berkeley,1600,5000,1908,9,766,,Sold,,,http://www.redfin.com/CA/Berkeley/1245-Cedar-St-94702/home/1290142,EBRD/CCAR/Bay East,40794269,N,Y,37.8760182,-122.2893576
PAST SALE,September-5-2017,Single Family Residential,474 Michigan Ave,Berkeley,CA,94707,1350000,4,2.0,Thousand Oaks,2043,5724,1940,15,661,,Sold,,,http://www.redfin.com/CA/Berkeley/474-Michigan-Ave-94707/home/634078,EBRD/CCAR/Bay East,40791016,N,Y,37.900937,-122.2714021
PAST SALE,,Multi-Family (2-4 Unit),1354 Lincoln St,Berkeley,CA,94702,280000,3,3.0,,2164,5200,1946,,129,,,,,http://www.redfin.com/CA/Berkeley/1354-Lincoln-St-94702/home/712596,,,N,Y,37.8750267,-122.2873099
PAST SALE,,Single Family Residential,281 Lexington Rd,Kensington,CA,94707,950000,2,1.0,,1246,6100,1946,,762,,,,,http://www.redfin.com/CA/Kensington/281-Lexington-Rd-94707/home/1193917,,,N,Y,37.9027205,-122.2848473
PAST SALE,April-2-2017,Single Family Residential,2734 College Ave,Berkeley,CA,94705,1070000,4,2.0,Berkeley,1490,1490,1946,171,718,289,Sold,,,http://www.redfin.com/CA/Berkeley/2734-College-Ave-94705/home/1311915,EBRD/CCAR/Bay East,40775664,N,Y,37.8606109,-122.2535676
PAST SALE,April-6-2017,Single Family Residential,1222 Russell St,Berkeley,CA,94702,1277000,3,2.5,Berkeley,1632,3106,1905,167,782,,Sold,,,http://www.redfin.com/CA/Berkeley/1222-Russell-St-94702/home/1064914,EBRD/CCAR/Bay East,40772962,Y,Y,37.85361,-122.2859551
PAST SALE,April-24-2017,Single Family Residential,1016 Bancroft Way,Berkeley,CA,94710,950000,3,1.5,Berkeley,1974,5000,1926,149,481,,Sold,,,http://www.redfin.com/CA/Berkeley/1016-Bancroft-Way-94710/home/673922,EBRD/CCAR/Bay East,40778473,N,Y,37.8641415,-122.2921603
PAST SALE,April-25-2017,Single Family Residential,2326 Sacramento St,Berkeley,CA,94702,1200000,2,2.0,Central,1360,3885,1916,148,882,,Sold,,,http://www.redfin.com/CA/Berkeley/2326-Sacramento-St-94702/home/1763101,EBRD/CCAR/Bay East,40774360,N,Y,37.8647644,-122.2817385
PAST SALE,April-25-2017,Multi-Family (2-4 Unit),941 63Rd St,Oakland,CA,94608,815000,8,4.0,Oakland,3264,3985,1967,148,250,,Sold,,,http://www.redfin.com/CA/Oakland/941-63rd-St-94608/home/531458,EBRD/CCAR/Bay East,40766077,N,Y,37.846846,-122.276972
PAST SALE,April-24-2017,Condo/Co-op,2638 Regent St,Berkeley,CA,94704,850000,1,1.0,Elmwood,960,7850,1923,149,885,305,Sold,,,http://www.redfin.com/CA/Berkeley/2638-Regent-St-94704/unit-4/home/1388076,EBRD/CCAR/Bay East,40775073,N,Y,37.861962,-122.257852
PAST SALE,May-11-2017,Condo/Co-op,321 63RD St Unit C,Oakland,CA,94618,625000,1,1.0,Rockridge,,,1944,132,,250,Sold,,,http://www.redfin.com/CA/Oakland/321-63rd-St-94618/unit-C/home/113752391,EBRD/CCAR/Bay East,40777956,N,Y,37.850245,-122.2530011
PAST SALE,April-14-2017,Single Family Residential,2814 Martin Luther King Jr Way,Berkeley,CA,94703,1350000,7,3.0,Berkeley,2244,4938,1906,159,602,,Sold,,,http://www.redfin.com/CA/Berkeley/2814-Martin-Luther-King-Junior-Way-94703/home/1043811,EBRD/CCAR/Bay East,40772543,N,Y,37.8573823,-122.2716796
PAST SALE,March-31-2017,Single Family Residential,3208 King St,Berkeley,CA,94703,990000,3,1.5,Berkeley,1149,3720,1905,173,862,,Sold,,,http://www.redfin.com/CA/Berkeley/3208-King-St-94703/home/652513,EBRD/CCAR/Bay East,40771073,Y,Y,37.8498852,-122.2740313
PAST SALE,,Condo/Co-op,2709 Tenth St,Berkeley,CA,94710,976000,2,1.0,,1495,,2004,,653,,,,,http://www.redfin.com/CA/Berkeley/2709-Tenth-St-94710/home/1237548,,,N,Y,37.857458,-122.289216
PAST SALE,April-28-2017,Single Family Residential,668 65th St,OAKLAND,CA,94609,1450000,4,4.0,OAKLAND,1950,3071,1911,145,744,,Sold,,,http://www.redfin.com/CA/Oakland/668-65th-St-94609/home/531331,MLSListings,ML81641984,N,Y,37.8506151,-122.2649366
PAST SALE,April-28-2017,Single Family Residential,2335 Sacramento St,Berkeley,CA,94702,825000,2,1.0,Berkeley,1132,3640,1922,145,729,,Sold,,,http://www.redfin.com/CA/Berkeley/2335-Sacramento-St-94702/home/1297354,EBRD/CCAR/Bay East,40774604,Y,Y,37.864587,-122.280973
PAST SALE,,Multi-Family (2-4 Unit),2925 Mabel St,Berkeley,CA,94702,1750000,7,8.0,,4633,12830,1910,,378,,,,,http://www.redfin.com/CA/Berkeley/2925-Mabel-St-94702/home/1777764,,,N,Y,37.8531359,-122.2834429
PAST SALE,May-10-2017,Single Family Residential,1701 Fairview St,Berkeley,CA,94703,1200000,2,2.0,Berkeley,1213,4000,1914,133,989,,Sold,,,http://www.redfin.com/CA/Berkeley/1701-Fairview-St-94703/home/650800,EBRD/CCAR/Bay East,40776904,Y,Y,37.8504969,-122.2736977
PAST SALE,,Multi-Family (2-4 Unit),2420 Milvia St,Berkeley,CA,94704,1102500,4,3.0,,3066,4587,1905,,360,,,,,http://www.redfin.com/CA/Berkeley/2420-Milvia-St-94704/home/1864485,,,N,Y,37.8647325,-122.2701111
PAST SALE,May-5-2017,Multi-Family (2-4 Unit),1239 Parker St,Berkeley,CA,94702,1610000,7,4.0,Berkeley,3114,5300,,138,517,,Sold,,,http://www.redfin.com/CA/Berkeley/1239-Parker-St-94702/home/1424052,EBRD/CCAR/Bay East,40771031,N,Y,37.8600512,-122.2853142
PAST SALE,,Single Family Residential,1117 Oregon St,Berkeley,CA,94702,750000,2,1.0,,1002,4200,1916,,749,,,,,http://www.redfin.com/CA/Berkeley/1117-Oregon-St-94702/home/1810508,,,N,Y,37.8552127,-122.2868332
PAST SALE,May-9-2017,Single Family Residential,2109 Emerson St,Berkeley,CA,94705,775000,2,1.0,Berkeley Bowl,879,2067,1906,134,882,,Sold,,,http://www.redfin.com/CA/Berkeley/2109-Emerson-St-94705/home/1423996,EBRD/CCAR/Bay East,40775097,N,Y,37.8547348,-122.2661165
PAST SALE,March-31-2017,Single Family Residential,2709 10th St Unit E,Berkeley,CA,94710,976000,2,1.5,West Berkeley,1495,,2004,173,653,500,Sold,,,http://www.redfin.com/CA/Berkeley/2709-Tenth-St-94710/unit-E/home/87779199,EBRD/CCAR/Bay East,40772110,N,Y,37.857458,-122.289215
PAST SALE,June-14-2017,Condo/Co-op,2628 Telegraph Ave #501,Berkeley,CA,94107,925000,2,2.0,Berkeley/Albany,826,,2007,98,1120,510,Sold,,,http://www.redfin.com/CA/Berkeley/2628-Telegraph-Ave-94704/unit-501/home/113913263,San Francisco MLS,458088,N,Y,37.8621146,-122.2593469
PAST SALE,April-7-2017,Single Family Residential,161 Panoramic Way,Berkeley,CA,94704,1185000,2,2.0,Berkeley,1480,5050,2012,166,801,,Sold,,,http://www.redfin.com/CA/Berkeley/161-Panoramic-Way-94704/home/22700772,EBRD/CCAR/Bay East,40773348,N,Y,37.8687321,-122.2468183
PAST SALE,,Single Family Residential,2316 Tenth St,Berkeley,CA,94710,680000,2,1.0,,1213,4290,1907,,561,,,,,http://www.redfin.com/CA/Berkeley/2316-Tenth-St-94710/home/1656946,,,N,Y,37.8636018,-122.2918234
PAST SALE,May-16-2017,Single Family Residential,6437 Essex St,Oakland,CA,94608,860000,2,2.0,Oakland,1250,2700,1947,127,688,,Sold,,,http://www.redfin.com/CA/Oakland/6437-Essex-St-94608/home/841551,EBRD/CCAR/Bay East,40772185,N,Y,37.8480928,-122.2826596
PAST SALE,May-18-2017,Multi-Family (2-4 Unit),3135 King St,Berkeley,CA,94703,505000,,,Berkeley,,4239,1913,125,,,Sold,,,http://www.redfin.com/CA/Berkeley/3135-King-St-94703/home/1423890,EBRD/CCAR/Bay East,40768980,N,Y,37.850821,-122.273593
PAST SALE,May-3-2017,Condo/Co-op,2512 9th #11,Berkeley,CA,94710-2516,815000,2,1.5,West Berkeley,1636,,1928,140,498,233,Sold,,,http://www.redfin.com/CA/Berkeley/2512-Ninth-St-94710/unit-11/home/113620238,EBRD/CCAR/Bay East,40775602,N,Y,37.8600643,-122.2917966
PAST SALE,,Condo/Co-op,2512 9TH ST Ste 11,BERKELEY,CA,94710,815000,2,1.0,,1636,,1925,,498,,,,,http://www.redfin.com/CA/BERKELEY/2512-9TH-ST-94710/unit-11/home/12352182,,,N,Y,37.860245,-122.292068
PAST SALE,,Multi-Family (2-4 Unit),2439 Roosevelt Ave,Berkeley,CA,94703,1330000,7,5.0,,2215,2550,1908,,600,,,,,http://www.redfin.com/CA/Berkeley/2439-Roosevelt-Ave-94703/home/668240,,,N,Y,37.86328,-122.2753217
PAST SALE,,Multi-Family (2-4 Unit),1122 University Ave,Berkeley,CA,94702,38400000,139,130.0,,83538,26125,2011,,460,,,,,http://www.redfin.com/CA/Berkeley/1122-University-Ave-94702/home/22808955,,,N,Y,37.8689822,-122.2910819
PAST SALE,June-1-2017,Condo/Co-op,1253 66Th St,Emeryville,CA,94608,838500,3,2.5,Emeryville,1296,,2003,111,647,333,Sold,,,http://www.redfin.com/CA/Emeryville/1253-66th-St-94608/unit-108/home/530409,EBRD/CCAR/Bay East,40777465,N,Y,37.848076,-122.289618
PAST SALE,June-2-2017,Single Family Residential,1236 Parker St,Berkeley,CA,94702,1180000,3,2.0,Berkeley,1807,5320,1923,110,653,,Sold,,,http://www.redfin.com/CA/Berkeley/1236-Parker-St-94702/home/2045297,EBRD/CCAR/Bay East,40783722,N,Y,37.8596282,-122.2853814
PAST SALE,May-31-2017,Townhouse,1201 66th St,Oakland,CA,94608,945000,3,3.0,Nobe,1630,,2006,112,580,299,Sold,,,http://www.redfin.com/CA/Oakland/1201-66th-St-94608/home/12118410,EBRD/CCAR/Bay East,40779740,N,Y,37.8484089,-122.287966
PAST SALE,,Multi-Family (2-4 Unit),1625 Prince St,Berkeley,CA,94703,1125000,9,5.0,,3582,6750,1965,,314,,,,,http://www.redfin.com/CA/Berkeley/1625-Prince-St-94703/home/731774,,,N,Y,37.8521754,-122.2755803
PAST SALE,June-30-2017,Single Family Residential,2709 10Th St Unit D,Berkeley,CA,94710,900000,2,1.5,West Berkeley,1495,,2004,82,602,500,Sold,,,http://www.redfin.com/CA/Berkeley/2709-Tenth-St-94710/unit-D/home/113865874,EBRD/CCAR/Bay East,40783542,N,Y,37.857458,-122.289216
PAST SALE,May-26-2017,Multi-Family (2-4 Unit),1047 Alcatraz Ave,Oakland,CA,94608,1220000,7,5.5,Oakland,3158,5520,1945,117,386,,Sold,,,http://www.redfin.com/CA/Oakland/1047-Alcatraz-Ave-94608/home/1831034,EBRD/CCAR/Bay East,40773663,N,Y,37.846989,-122.2820204
PAST SALE,June-7-2017,Single Family Residential,139 Hillcrest Rd,Berkeley,CA,94705,2100000,4,2.5,Claremont,2890,8800,1911,105,727,,Sold,,,http://www.redfin.com/CA/Berkeley/139-Hillcrest-Rd-94705/home/1259370,EBRD/CCAR/Bay East,40781141,N,Y,37.852997,-122.2458784
PAST SALE,July-5-2017,Single Family Residential,2207 Sacramento St,Berkeley,CA,94702-1906,831000,5,2.0,Berkeley,2405,2765,1957,77,346,,Sold,,,http://www.redfin.com/CA/Berkeley/2207-Sacramento-St-94702/home/1778002,EBRD/CCAR/Bay East,40782683,N,Y,37.867133,-122.281277
PAST SALE,June-13-2017,Single Family Residential,2332 Valley St,Berkeley,CA,94702,1290000,2,1.0,Poets Corner,1189,3500,1926,99,1085,,Sold,,,http://www.redfin.com/CA/Berkeley/2332-Valley-St-94702/home/673674,EBRD/CCAR/Bay East,40780633,N,Y,37.8641314,-122.2844831
PAST SALE,May-15-2017,Single Family Residential,,Berkeley,CA,94702,901000,3,2.0,Berkeley,2050,5000,1949,128,440,,Sold,,,http://www.redfin.com/CA/Berkeley/Undisclosed-address-94702/home/1982277,EBRD/CCAR/Bay East,40767805,N,Y,37.8489511,-122.2810469
PAST SALE,June-20-2017,Single Family Residential,2232 Mcgee Ave,Berkeley,CA,94703,1500000,4,3.5,Central Berkeley,2943,4940,1915,92,510,,Sold,,,http://www.redfin.com/CA/Berkeley/2232-McGee-Ave-94703/home/1589935,EBRD/CCAR/Bay East,40781759,N,Y,37.8668889,-122.2773644
PAST SALE,June-23-2017,Single Family Residential,805 Channing Way,Berkeley,CA,94710,1101000,3,1.0,West Berkeley,1230,4500,1901,89,895,,Sold,,,http://www.redfin.com/CA/Berkeley/805-Channing-Way-94710/home/1003365,EBRD/CCAR/Bay East,40781355,Y,Y,37.8617625,-122.2965254
PAST SALE,,Multi-Family (2-4 Unit),323 63rd St,Oakland,CA,94618,715000,4,4.0,,2904,6860,1944,,246,,,,,http://www.redfin.com/CA/Oakland/323-63rd-St-94618/home/22961854,,,N,Y,37.84999,-122.252991
PAST SALE,June-23-2017,Condo/Co-op,3154 College #4,Berkeley,CA,94705,775000,1,1.0,Elmwood,940,,1919,89,824,300,Sold,,,http://www.redfin.com/CA/Berkeley/3154-College-Ave-94705/unit-4/home/1400448,EBRD/CCAR/Bay East,40781825,N,Y,37.8519439,-122.2527655
PAST SALE,July-24-2017,Single Family Residential,2010 9Th St,Berkeley,CA,94710,1091000,3,2.5,West Berkeley,1413,,2013,58,772,62,Sold,,,http://www.redfin.com/CA/Berkeley/2010-9Th-St-94710/home/124647637,EBRD/CCAR/Bay East,40785884,Y,Y,37.8645848,-122.2965778
PAST SALE,July-6-2017,Single Family Residential,1073 Alcatraz Ave,Oakland,CA,94608,575000,2,1.0,Oakland,914,1776,1924,76,629,,Sold,,,http://www.redfin.com/CA/Oakland/1073-Alcatraz-Ave-94608/home/2013467,EBRD/CCAR/Bay East,40783659,N,Y,37.8470323,-122.2829344
PAST SALE,June-30-2017,Single Family Residential,2322 Acton St,Berkeley,CA,94702,1400000,3,3.0,Central Berkeley,1890,3605,1947,82,741,,Sold,,,http://www.redfin.com/CA/Berkeley/2322-Acton-St-94702/home/1810672,EBRD/CCAR/Bay East,40785372,Y,Y,37.8643542,-122.2835837
PAST SALE,July-7-2017,Condo/Co-op,2814 Hillegass Unit C1,Berkeley,CA,94705,720000,2,1.0,Elmwood,862,,1966,75,835,263,Sold,,,http://www.redfin.com/CA/Berkeley/2814-Hillegass-Ave-94705/unit-C1/home/1923981,EBRD/CCAR/Bay East,40781146,N,Y,37.859322,-122.256106
PAST SALE,June-30-2017,Condo/Co-op,2844 WOOLSEY St Unit B,Berkeley,CA,94705,725000,1,1.0,Claremont,780,,1911,82,929,371,Sold,,,http://www.redfin.com/CA/Berkeley/2844-Woolsey-St-94705/unit-B/home/112885368,EBRD/CCAR/Bay East,40779235,N,Y,37.853954,-122.249012
